일자,밥,국,메인,반찬,구분,국분류,메뉴분류
2016-02-01,밥,오징어찌개,쇠불고기,계란찜,중식,찜,육류
2016-02-02,밥,김치찌개,가자미튀김,모둠소세지구이,중식,찌개,해산물
2016-02-03,카레덮밥,팽이장국,치킨핑거,쫄면야채무침,중식,국수,조류
2016-02-04,밥,쇠고기무국,주꾸미볶음,부추전,중식,국,해산물
2016-02-05,밥,떡국,돈육씨앗강정,우엉잡채,중식,국,육류
2016-02-11,밥,시래기국,훈제오리구이,도토리묵무침,중식,국,조류
2016-02-12,밥,꽃게탕,돈육굴소스볶음,옥수수전,중식,탕,육류
2016-02-15,밥,시금치국,닭감자조림,연두부*양념장,중식,국,조류
2016-02-16,밥,쇠고기무국,탕수어,오징어숙회무침,중식,탕,해산물
2016-02-17,밥,냉이된장국,쇠고기장조림,통도라지구이,중식,국,육류
2016-02-18,낙지비빔밥,유부장국,고구마치즈구이,해초무침,중식,국,해산물
2016-02-19,밥,대구찌개,마늘간장치킨,새송이버섯볶음,중식,찌개,조류
2016-02-22,밥,쇠고기느타리국,갈치구이,호박꼬지&고사리&무나물,중식,국,해산물
2016-02-23,밥,콩나물국,돈육간장볶음,버섯잡채,중식,국,육류
2016-02-24,비빔밥,팽이장국,소세지피망볶음,맛탕,중식,탕,육류
2016-02-25,밥,북어계란국,닭갈비,새싹두부구이,중식,국,육류
2016-02-26,밥,수제비국,오징어볶음,계란찜,중식,찜,해산물
2016-02-29,밥,얼갈이된장국,제육볶음,늙은호박전,중식,국,육류
2016-03-02,밥,쇠고기미역국,주꾸미볶음,맛살계란말이,중식,국,해산물
2016-03-03,밥,근대된장국,탕수육,새송이버섯조림,중식,탕,육류
2016-03-04,밥,부대찌개,가자미튀김,메추리알조림,중식,찌개,해산물
2016-03-07,밥,콩나물국,닭갈비,모둠묵*양념장,중식,국,육류
2016-03-08,밥,차돌박이찌개,고등어김치말이,소세지구이,중식,찌개,해산물
2016-03-09,밥,북어국,돈육장조림,홍어무침,중식,국,육류
2016-03-10,밥,고추장찌개,닭데리야끼조림,해물파전,중식,찌개,조류
2016-03-11,밥,배추된장국,수제돈가스,탕평채,중식,탕,육류
2016-03-14,밥,어묵국,돈육고추장볶음,모둠양채쌈*쌈장,중식,국,육류
2016-03-15,밥,쑥국,소불고기,골뱅이무침*소면,중식,국수,육류
2016-03-16,곤드레밥,콩나물김치국,미니채소떡갈비,두부계란부침,중식,국,육류
2016-03-17,밥,사골우거지국,탕수어,파래김*양념장,중식,탕,해산물
2016-03-18,밥,시금치국,훈제오리구이,연근땅콩조림,중식,국,조류
2016-03-21,밥,꽃게탕,버섯불고기,계란말이,중식,탕,육류
2016-03-22,밥,쇠고기샤브국,코다리강정,두부&김치볶음,중식,국,해산물
2016-03-23,콩나물밥*달래장,맑은국,치킨텐더*요거트D,땅콩조림,중식,국,조류
2016-03-24,밥,북어계란국,쇠고기장조림,오징어초무침,중식,국,육류
2016-03-25,밥,닭개장,자반고등어구이,비엔나볶음,중식,국,해산물
2016-03-28,밥,얼갈이된장국,닭갈비,해파리냉채,중식,국,육류
2016-03-29,밥,옹심이만두국,주꾸미볶음,새송이버섯전,중식,국,해산물
2016-03-30,봄새싹비빔밥,쪽파국,오징어튀김,알감자버터구이,중식,국,해산물
2016-03-31,밥,매운콩나물국,돈육굴소스볶음,동태전,중식,국,육류
2016-04-01,밥,버섯들깨탕,갈치조림,우엉잡채,중식,탕,해산물
2016-04-04,밥,순두부찌개,쇠불고기,브로컬리맛살볶음,중식,찌개,육류
2016-04-05,밥,북어국,오징어볶음*소면,모둠소시지구이,중식,국수,해산물
2016-04-06,밥,올갱이아욱국,제육볶음,두부조림,중식,국,육류
2016-04-07,밥,어묵국,매운돼지갈비찜,해물파전,중식,찜,육류
2016-04-08,밥,배추된장국,순살양념치킨,메추리알조림,중식,국,조류
2016-04-11,밥,시래기국,훈제오리구이,무쌈/양파절임,중식,국,조류
2016-04-12,밥,부대찌개,쇠고기단호박조림,열무나물,중식,찌개,육류
2016-04-14,밥,수제비국,돈육굴소스볶음,양배추쌈,중식,국,육류
2016-04-15,밥,냉이된장찌개,닭데리야끼조림,도라지초무침,중식,찌개,조류
2016-04-18,밥,배추된장국,돈육강정,콩나물잡채,중식,국,육류
2016-04-19,밥,육개장,꽁치한마리구이,고기전,중식,국,해산물
2016-04-20,콩나물밥,근대된장국,매콤떡갈비조림,청포묵무침,중식,국,육류
2016-04-21,밥,대구매운탕,쇠고기볶음,옥수수전,중식,탕,육류
2016-04-22,밥,북어국,등갈비김치찜,연근조림,중식,찜,육류
2016-04-25,밥,콩나물국,돈간장불고기,김치전,중식,국,육류
2016-04-26,밥,쇠고기무국,주꾸미볶음,치즈계란말이,중식,국,해산물
2016-04-27,나물비빔밥,미소장국,궁중떡찜,알감자버터구이,중식,찜,육류
2016-04-28,밥,미역국,양념파닭,동그랑땡부침,중식,국,조류
2016-04-29,밥,돈육김치찌개,미트볼조림,고등어카레구이,중식,찌개,육류
2016-05-02,밥,시금치국,닭갈비,맛살겨자채,중식,국,육류
2016-05-03,곤드레밥,무채국,모둠장조림,온두부,중식,국,육류
2016-05-04,밥,쇠고기샤브국,오징어볶음,동태전,중식,국,해산물
2016-05-09,밥,매운어묵국,훈제오리구이,무쌈/양파절임,중식,국,조류
2016-05-10,밥,콩나물국,버섯불고기,오징어초무침,중식,국,육류
2016-05-11,단호박영양밥,시래기된장국,돈육칠리강정,멸치크랜베리볶음,중식,국,육류
2016-05-12,밥,오징어국,찜닭,꽃맛살볶음,중식,찜,조류
2016-05-13,밥,된장찌개,매운돼지갈비찜,해물파전,중식,찜,육류
2016-05-16,밥,감자고추장찌개,돈육굴소스볶음,계란찜,중식,찜,육류
2016-05-17,밥,들깨버섯탕,고등어김치말이,고기전,중식,탕,해산물
2016-05-18,산채비빔밥,미소장국,치킨핑거,연근땅콩조림,중식,국,조류
2016-05-19,밥,열무된장국,미니채소떡갈비,골뱅이무침*소면,중식,국수,육류
2016-05-20,밥,순두부찌개,닭오븐구이,새송이버섯전,중식,찌개,조류
2016-05-23,밥,북어콩나물국,쇠고기불고기,옥수수전,중식,국,육류
2016-05-24,밥,한방갈비탕,꼬지삼색전,오징어숙회무침,중식,탕,육류
2016-05-25,낙지볶음밥,미역장국,탕수어,우엉조림,중식,탕,해산물
2016-05-26,밥,쇠고기해장국,갈치구이,비엔나감자볶음,중식,국,해산물
2016-05-27,밥,배추된장국,닭양념조림,동그랑땡전,중식,국,조류
2016-05-30,밥,콩나물김치국,누룽지탕수육,명태조림,중식,탕,육류
2016-05-31,밥,근대된장국,닭갈비,잡채,중식,국,육류
2016-06-01,열무비빔밥,강된장찌개,오징어튀김,궁중떡볶이,중식,찌개,해산물
2016-06-02,밥,오이미역냉국,모둠장조림,두부구이,중식,국,육류
2016-06-03,밥,차돌박이찌개,찜닭,김치전,중식,찜,조류
2016-06-07,밥,북어계란국,돈육굴소스볶음,홍어채무침,중식,국,육류
2016-06-08,밥,참치김치찌개,순살깐풍기,맛살콩나물냉채,중식,찌개,조류
2016-06-09,밥,매운콩나물국,돼지갈비찜,부추전,중식,찜,육류
2016-06-10,밥,된장찌개,오징어볶음,모둠소시지구이,중식,찌개,해산물
2016-06-13,밥,북어콩나물국,제육볶음,참치야채전,중식,국,육류
2016-06-14,밥,배추된장국,닭양념조림,탕평채,중식,탕,조류
2016-06-15,카레덮밥,맑은국,떡갈비조림,쫄면무침,중식,국수,육류
2016-06-16,밥,부대찌개,가자미양념찜,고기전,중식,찜,해산물
2016-06-17,밥,꽃게탕,돈육강정,버섯잡채,중식,탕,육류
2016-06-20,밥,어묵국,레몬탕수육,명태엿장조림,중식,탕,육류
2016-06-21,밥,대구찌개,간장치킨,마늘쫑볶음,중식,찌개,조류
2016-06-22,밥,시래기국,돈삼겹보쌈,새송이버섯전,중식,국,육류
2016-06-23,밥,쇠고기무국,매콤낙지볶음,메추리알조림,중식,국,해산물
2016-06-24,밥,도토리묵냉국,목살데리야끼구이,골뱅이무침&소면,중식,국수,육류
2016-06-27,밥,배추된장국,훈제오리구이,실곤약초무침,중식,국,조류
2016-06-28,밥,육개장,고등어구이,닭가슴살냉채,중식,국,해산물
2016-06-29,밥,콩나물국,간장돼지갈비찜,계란말이,중식,찜,육류
2016-06-30,밥,버섯들깨찌개,닭오븐구이,김치전,중식,찌개,조류
2016-07-01,밥,수제비국,유자청제육볶음,두부새싹구이,중식,국,육류
2016-07-04,밥,감자고추장찌개,버섯불고기,맛살겨자초무침,중식,찌개,육류
2016-07-05,밥,쇠고기미역국,꽁치김치말이찜,모둠소세지구이,중식,찜,해산물
2016-07-06,곤드레밥,가쯔오장국,닭강정,해물파전,중식,국,조류
2016-07-07,밥,된장찌개,갈치조림,돈육잡채,중식,찌개,해산물
2016-07-08,밥,우무묵냉국,갈릭돈까스,감자볶음,중식,국,육류
2016-07-11,밥,호박잎찌개,돈육굴소스볶음,홍어채무침,중식,찌개,육류
2016-07-12,밥,건새우아욱국,순살파닭,꽃맛살볶음,중식,국,조류
2016-07-13,나물비빔밥,오이냉국,사천식탕수육,감자만두,중식,탕,육류
2016-07-14,밥,배추된장국,매운주꾸미볶음,동태전,중식,국,해산물
2016-07-15,밥,북어계란국,등갈비김치찜,삼치구이,중식,찜,육류
2016-07-18,밥,순두부찌개,돈육떡강정,새송이버섯전,중식,찌개,육류
2016-07-19,밥,시래기국,목살데리야끼,늙은호박전,중식,국,육류
2016-07-20,밥,사골우거지탕,미트볼조림,골뱅이무침*소면,중식,국수,육류
2016-07-21,밥,우묵콩국,고추장불고기,명태엿장조림,중식,국,육류
2016-07-22,참치회덮밥,미소장국,고구마치즈구이,춘권,중식,국,해산물
2016-07-25,밥,쇠고기미역국,불닭볶음,해파리겨자채,중식,국,조류
2016-07-26,밥,청국장찌개,미니채소떡갈비,계란말이,중식,찌개,육류
2016-07-27,밥,시금치국,동파삼겹수육,감자채볶음,중식,국,육류
2016-07-28,밥,꽃게탕,훈제오리냉채,동그랑땡전,중식,탕,조류
2016-07-29,연복풍덮밥,도토리묵냉국,꽁치오븐구이,마늘쫑무침,중식,국,해산물
2016-08-01,밥,부대찌개*라면사리,갈치구이,닭살겨자냉채,중식,찌개,해산물
2016-08-02,열무보리비빔밥,팽이장국,꽃맛살볶음,웨지감자오븐구이,중식,국,해산물
2016-08-03,밥,버섯들깨탕,레몬탕수육,메추리알조림,중식,탕,육류
2016-08-04,밥,복숭아미역냉국,닭데리야끼조림,비엔나감자볶음,중식,국,조류
2016-08-05,밥,된장찌개,매콤돼지갈비찜,연근/오징어튀김,중식,찜,육류
2016-08-08,밥,호박잎된장국,유자청제육볶음,오꼬노미계란말이,중식,국,육류
2016-08-09,밥,콩나물국,미니함박조림,오징어브로컬리숙회,중식,국,육류
2016-08-10,밥,사과오이냉국,장어강정,우엉잡채,중식,국,해산물
2016-08-11,밥,시래기국,삼겹살오븐구이,매운어묵볶음,중식,국,육류
2016-08-12,불고기덮밥,맑은국,새우까스&탈탈소스,고구마범벅,중식,국,해산물
2016-08-16,밥,닭곰탕,고등어조림,비엔나피망볶음,중식,탕,해산물
2016-08-17,밥,대구매운탕,오징어볶음,고기전,중식,탕,해산물
2016-08-18,밥,열무된장국,갈릭돈가스,마늘쫑볶음,중식,국,육류
2016-08-19,단호박영양밥,도토리묵냉국,소고기숙주볶음,땅콩조림,중식,국,육류
2016-08-22,밥,꽃게탕,고추잡채*꽃빵,꽁치와사비구이,중식,탕,해산물
2016-08-23,밥,배추된장국,칠리탕수육,두부조림,중식,탕,육류
2016-08-24,밥,해물된장찌개,닭볶음,연근조림,중식,찌개,조류
2016-08-25,밥,육개장,동태무조림,부추전,중식,국,해산물
2016-08-26,밥,떡국,마늘치킨,홍어채무침,중식,국,조류
2016-08-29,밥,순두부찌개,소불고기,골뱅이무침*소면,중식,국수,육류
2016-08-30,밥,버섯매운탕,갈치구이,모듬소시지볶음,중식,탕,해산물
2016-08-31,낙지비빔밥,가쯔오장국,계란말이,과일샐러드,중식,국,조류
2016-09-01,밥,오징어국,목살데리야끼,버섯잡채,중식,국,육류
2016-09-02,밥,시래기된장국,닭찜,해물파전,중식,찜,조류
2016-09-05,밥,쇠고기샤브국,오징어볶음,옥수수전,중식,국,해산물
2016-09-06,밥,부대찌개,가자미카레튀김,모둠버섯볶음,중식,찌개,해산물
2016-09-07,곤드레밥,두부맑은국,돈육떡강정,계란찜,중식,찜,육류
2016-09-08,밥,된장찌개,오리고추장볶음,콩나물잡채,중식,찌개,조류
2016-09-09,밥,황태맑은국,유린기,도토리묵무침,중식,국,육류
2016-09-12,밥,시래기국,닭볶음,동그랑땡,중식,국,조류
2016-09-13,밥,토란국,매운돼지갈비찜,어묵볶음,중식,찜,육류
2016-09-19,밥,어묵국,오리훈제고추장볶음,계란말이,중식,국,조류
2016-09-20,밥,얼갈이된장국,레몬탕수육,감자채볶음,중식,탕,육류
2016-09-21,열무비빔밥,팽이장국,너비아니구이,땅콩조림,중식,국,육류
2016-09-22,밥,쇠고기무국,임연수찜,햄피망볶음,중식,찜,해산물
2016-09-23,밥,오징어국,소고기숙주볶음,두부조림,중식,국,육류
2016-09-26,밥,아욱된장국,유자청돈육볶음,우엉잡채,중식,국,육류
2016-09-27,밥,느타리버섯국,간장파닭,쫄면무침,중식,국수,조류
2016-09-28,카레덮밥,맑은국,샐러드파스타,새송이버섯조림,중식,국,기타
2016-09-29,밥,된장찌개,돈육장조림,호박부추전,중식,찌개,육류
2016-09-30,밥,우거지해장국,꽁치한마리구이,가지볶음,중식,국,해산물
2016-10-04,밥,배추된장국,버섯불고기,골뱅이소면무침,중식,국수,육류
2016-10-05,밥,차돌박이찌개,매운주꾸미볶음,모둠소세지구이,중식,찌개,해산물
2016-10-06,밥,미역국,한방소갈비찜,오징어숙회무침,중식,찜,육류
2016-10-07,밥,대구매운탕,표고돈육탕수,메추리알곤약조림,중식,탕,육류
2016-10-10,밥,쇠고기샤브국,오징어볶음,맛살계란말이,중식,국,해산물
2016-10-11,밥,시금치된장국,목살스테이크,버섯잡채,중식,국,육류
2016-10-12,산채비빔밥*강된장,팽이버섯국,생선커틀릿,*타르타르소스,중식,국,해산물
2016-10-13,밥,떡국,마늘치킨,모듬묵*양념장,중식,국,조류
2016-10-14,밥,건새우무국,등갈비김치찜,계란버섯장조림,중식,찜,육류
2016-10-17,밥,미역국,소불고기,모둠양채쌈,중식,국,육류
2016-10-18,밥,꽃게탕,미트볼칠리조림,부추전,중식,탕,육류
2016-10-19,밥,참치김치찌개,유린기,셀프무쌈말이,중식,찌개,육류
2016-10-20,밥,돈신탕(해장탕),꽁치김치말이,메밀버섯전,중식,탕,해산물
2016-10-21,짜장밥,계란국,사천식탕수육,풍기샐러드,중식,탕,육류
2016-10-24,밥,된장찌개,제육볶음,해물파전,중식,찌개,육류
2016-10-25,밥,육개장,갈치구이,고추잡채*꽃빵,중식,국,해산물
2016-10-26,곤드레밥,배추된장국,데리야끼파닭,실곤약초무침,중식,국,조류
2016-10-27,밥,동태찌개,돈육장조림,두부계란전,중식,찌개,육류
2016-10-28,밥,버섯들깨탕,고등어조림,비엔나감자볶음,중식,탕,해산물
2016-10-31,밥,근대된장국,쇠고기숙주볶음,새송이버섯전,중식,국,육류
2016-11-01,밥,알탕,닭갈비,생선까스*탈탈소스,중식,탕,육류
2016-11-02,콩나물밥,가쯔오장국,훈제오리/무쌈,양파절임,중식,국,조류
2016-11-03,밥,쇠고기무국,쭈꾸미볶음,계란말이,중식,국,해산물
2016-11-04,밥,사골우거지탕,명태엿장조림,모듬소세지구이,중식,탕,육류
2016-11-07,밥,오징어국,유자청제육볶음,날치알계란찜,중식,찜,육류
2016-11-08,밥,차돌박이찌개,순살양념치킨,동그랑땡전,중식,찌개,조류
2016-11-09,단호박영양밥,꽃게탕,고추잡채*꽃빵,연근조림,중식,탕,해산물
2016-11-10,밥,김치콩나물국,쇠고기장조림,닭살겨자채,중식,국,육류
2016-11-11,밥,아욱된장국,칠리탕수육,동태전,중식,탕,육류
2016-11-14,밥,어묵국,소고기버섯볶음,오징어숙회무침,중식,국,육류
2016-11-15,밥,김치국,닭데리야끼조림,햄감자채볶음,중식,국,조류
2016-11-16,버섯영양밥,조랭이떡미역국,유산슬,임연수구이,중식,국,해산물
2016-11-17,밥,설렁탕,해물김치전,올방개묵무침,중식,탕,해산물
2016-11-18,밥,콩비지찌개,순살깐풍기,어묵볶음,중식,찌개,조류
2016-11-21,밥,시래기된장국,누룽지탕수육,계란찜,중식,찜,육류
2016-11-22,밥,대구매운탕,쇠고기숙주볶음,새싹두부구이,중식,탕,육류
2016-11-23,밥,순두부탕,파닭,갈치조림,중식,탕,조류
2016-11-24,밥,수제비국,짬뽕불고기,우엉잡채,중식,국수,육류
2016-11-25,카레덮밥,맑은국,통감자오븐구이,샐러드파스타,중식,국,기타
2016-11-28,밥,쇠고기느타리국,오징어볶음,모둠소시지구이,중식,국,해산물
2016-11-29,밥,근대국,제육볶음,늙은호박전,중식,국,육류
2016-11-30,나물비빔밥,가쯔오장국,치킨핑거*요거트D,감자샐러드,중식,국,조류
2016-12-01,밥,콩나물국,모둠장조림,골뱅이무침*소면,중식,국수,육류
2016-12-02,밥,떡국,양념찜닭,콩나물겨자채,중식,찜,조류
2016-12-05,밥,순두부찌개,훈제오리구이,참치야채전,중식,찌개,조류
2016-12-06,밥,홍합탕,삼겹살오븐구이,실곤약흑임자무침,중식,탕,육류
2016-12-07,짜장밥,유부장국,해물누룽지탕,개성감자만두,중식,탕,해산물
2016-12-08,밥,아욱국,양념돼지갈비찜,버섯메밀전,중식,찜,육류
2016-12-09,밥,차돌박이된장찌개,삼치무조림,닭가슴살냉채,중식,찌개,해산물
2016-12-12,밥,콩나물김치국,돈육굴소스볶음,매운어묵무침,중식,국,육류
2016-12-13,밥,냉이된장찌개,코다리강정,돈육잡채,중식,찌개,해산물
2016-12-14,소불고기덮밥,가쯔오장국,고구마튀김,멕시칸샐러드,중식,국,육류
2016-12-15,밥,콩비지찌개,오리고추장볶음,옥수수계란찜,중식,찜,조류
2016-12-16,밥,쇠고기샤브국,갈치구이,비엔케찹볶음,중식,국,해산물
2016-12-19,밥,배추된장국,짬뽕불고기,감자채볶음,중식,국수,육류
2016-12-20,밥,콩나물국,고추잡채*꽃빵,꽁치김치말이,중식,국,해산물
2016-12-21,밥,된장찌개,마늘간장치킨,홍어채무침,중식,찌개,조류
2016-12-22,밥,꽃게탕,쇠고기버섯볶음,양배추쌈*쌈장,중식,탕,육류
2016-12-23,밥,얼갈이국,떡갈비조림,동태전,중식,국,육류
2016-12-26,밥,동태찌개,돈육간장불고기,두부새싹구이,중식,찌개,육류
2016-12-27,밥,열무된장국,닭갈비,우엉잡채,중식,국,육류
2016-12-28,콩나물밥,가쯔오장국,미트볼케찹조림,꽃맛살샐러드,중식,국,육류
2016-12-29,밥,시래기국,오징어볶음*소면,소세지감자조림,중식,국수,해산물
2016-12-30,밥,순두부찌개,수제돈까스,꽈리고추어묵볶음,중식,찌개,육류
2017-01-02,밥,사골떡국,쇠고기낙지볶음,부추깻잎전,중식,국,육류
2017-01-03,밥,홍합탕,매운동태찜,언양식불고기,중식,찜,해산물
2017-01-04,곤드레밥,황태국,동그랑땡전,비빔메밀국수,중식,국,해산물
2017-01-05,밥,육개장,굴비구이,두반장감자볶음,중식,국,해산물
2017-01-06,밥,된장찌개,레몬탕수육,주꾸미초무침,중식,탕,육류
2017-01-09,밥,콩나물국,동파육,무쌈말이,중식,국,육류
2017-01-10,밥,쇠고기미역국,주꾸미떡볶음,고기전,중식,국,해산물
2017-01-11,비빔밥,팽이장국,생선까스,씨리얼과일샐러드,중식,국,해산물
2017-01-12,밥,어묵국,매운닭찜,모듬버섯구이*초장,중식,찜,조류
2017-01-13,밥,짬뽕국,미니함박조림,잡채,중식,국,육류
2017-01-16,밥,얼갈이된장국,오징어볶음*소면,꽃맛살햄볶음,중식,국수,해산물
2017-01-17,밥,순두부찌개,쇠고기숙주볶음,삼색묵무침,중식,찌개,육류
2017-01-18,밥,아욱국,훈제오리구이,옥수수전,중식,국,조류
2017-01-19,밥,수제비국,유자청돈육볶음,두부새싹구이,중식,국,육류
2017-01-20,밥,닭개장,가자미카레튀김,비엔나케찹볶음,중식,국,해산물
2017-01-23,밥,냉이콩나물국,닭볶음,새송이버섯전,중식,국,조류
2017-01-24,밥,알탕,돈육간장불고기,감자채볶음,중식,탕,육류
2017-01-25,카레덮밥,맑은국,유린기,개성감자만두,중식,국,육류
2017-01-26,밥,배추된장국,소갈비찜,삼색꼬지전,중식,찜,육류
2017-01-31,밥,미역국,언양식불고기*양파채,양잡피잡채,중식,국,육류
2017-02-01,밥,시금치된장국,고추장불고기,닭살겨자채,중식,국,육류
2017-02-02,밥,굴김치두부국,스위트칠리미트볼,갈치구이,중식,국,육류
2017-02-03,밥,콩나물국,소고기낙지볶음,연두부찜,중식,찜,육류
2017-02-06,밥,냉이된장찌개,닭갈비,감자전,중식,찌개,육류
2017-02-07,밥,대구매운탕,유산슬,땅콩멸치볶음,중식,탕,해산물
2017-02-08,콩나물밥,맑은국,닭오븐구이,춘권*칠리소스,중식,국,조류
2017-02-09,밥,배추국,수제돈까스,명태조림,중식,국,육류
2017-02-10,오곡밥,소고기무국,굴비구이,홍어무침,중식,국,해산물
2017-02-13,밥,쇠고기미역국,제육볶음,두부구이*양념장,중식,국,육류
2017-02-14,밥,된장찌개,주꾸미볶음,돈육잡채,중식,찌개,해산물
2017-02-15,밥,들깨시래기국,순살파닭,해물김치전,중식,국,조류
2017-02-16,밥,홍합탕,소불고기,오징어초무침,중식,탕,육류
2017-02-17,밥,어묵국,등갈비김치찜,동태전,중식,찜,육류
2017-02-20,밥,열무된장국,동파육,새송이버섯전,중식,국,육류
2017-02-21,밥,버섯들깨탕,낙지볶음,야채계란찜,중식,찜,해산물
2017-02-22,나물비빔밥,유부장국,생선까스*탈탈소스,파스타샐러드,중식,국,해산물
2017-02-23,밥,콩나물국,돼지갈비찜,메추리알조림,중식,찜,육류
2017-02-24,밥,수제비국,깐풍기,어묵볶음,중식,국,조류
2017-02-27,밥,봄동된장국,훈제오리구이,녹두김치전,중식,국,조류
2017-02-28,밥,사골떡국,언양식불고기,콩나물동태찜,중식,찜,육류
2017-03-02,밥,돈육김치찌개,팝콘치킨*데리마요,고등어조림,중식,찌개,조류
2017-03-03,카레덮밥,맑은국,미니채소떡갈비,군만두,중식,국,육류
2017-03-06,밥,어묵국,순살닭갈비,동그랑땡전,중식,국,육류
2017-03-07,밥,토란탕,돈육칠리강정,꽁치한마리구이,중식,탕,육류
2017-03-08,곤드레밥*강된장,미소국,오징어볶음,햄감자채볶음,중식,국,해산물
2017-03-09,밥,아욱국,마늘치킨,골뱅이무침*소면,중식,국수,조류
2017-03-10,밥,얼큰순두부찌개,해물청경채볶음,계란말이,중식,찌개,해산물
2017-03-13,밥,오징어국,버섯불고기,야채계란찜,중식,찜,육류
2017-03-14,밥,동태찌개,미트볼케찹조림,우엉잡채,중식,찌개,육류
2017-03-15,밥,근대국,양념찜닭,옥수수전,중식,찜,조류
2017-03-16,밥,옹심이만두국,돈육굴소스볶음,콩나물겨자채,중식,국,육류
2017-03-17,밥,고추장찌개,치킨커틀렛,연근땅콩조림,중식,찌개,조류
2017-03-20,밥,아욱국,콩나물불고기,맛살전,중식,국,육류
2017-03-21,밥,냉이된장찌개,쇠고기장조림,굴비구이,중식,찌개,육류
2017-03-22,밥,돈육김치찌개,유린기,비엔나볶음,중식,찌개,육류
2017-03-23,밥,콩가루배추국,돼지갈비찜,물파래전,중식,찜,육류
2017-03-24,밥,대구매운탕,고추잡채*꽃빵,올방개묵무침,중식,탕,해산물
2017-03-27,밥,알탕,소고기숙주볶음,오꼬노미계란말이,중식,탕,육류
2017-03-28,밥,소고기미역국,주꾸미볶음,탕평채,중식,탕,해산물
2017-03-29,봄나물비빔밥,팽이장국,언양식불고기,땅콩조림,중식,국,육류
2017-03-30,밥,북어콩나물국,사천식탕수육,김치전,중식,탕,육류
2017-03-31,밥,쇠고기무국(빨갛게),생선커틀렛,닭가슴살장조림,중식,국,해산물
2017-04-03,밥,꽃게탕,오이달래무침,쌈무/양파절임,중식,탕,해산물
2017-04-04,밥,된장찌개,쇠불고기,동태전,중식,찌개,육류
2017-04-05,짜장밥,맑은계란국,유산슬,부추만두,중식,국,해산물
2017-04-06,밥,근대국,마늘치킨,감자채전,중식,국,조류
2017-04-07,밥,육개장,미니채소떡갈비,버섯구이*발사믹D,중식,국,육류
2017-04-10,밥,얼갈이국,쇠고기낙지볶음,날치알계란찜,중식,찜,육류
2017-04-11,밥,김치찌개,해물누룽지탕,우엉잡채,중식,탕,해산물
2017-04-12,밥,들깨미역국,삼겹살오븐구이,맛살콩나물냉채,중식,국,육류
2017-04-13,밥,황태국,닭데리야끼조림,매운어묵볶음,중식,국,조류
2017-04-14,밥,쇠고기샤브국,오징어볶음,메추리알조림,중식,국,해산물
2017-04-17,밥,된장찌개,돈육굴소스볶음,오징어숙회무침,중식,찌개,육류
2017-04-18,밥,들깨시래기국,쇠고기장조림,시금치프리타타,중식,국,육류
2017-04-19,곤드레밥,맑은국,탕수어,쫄면무침,중식,국수,해산물
2017-04-20,밥,아욱국,등갈비김치찜,참치야채전,중식,찜,육류
2017-04-21,밥,콩나물김치국,버섯불고기,브로컬리맛살볶음,중식,국,육류
2017-04-24,밥,부대찌개,언양식불고기,계란장조림,중식,찌개,육류
2017-04-25,밥,차돌박이찌개,닭강정,콩나물잡채,중식,찌개,조류
2017-04-26,비빔밥,맑은국,오징어튀김,견과류조림,중식,국,해산물
2017-04-27,밥,미역국,매콤함박스테이크,삼치구이,중식,국,육류
2017-04-28,밥,꽃게찌개,탕수육,곤약야채무침,중식,탕,육류
2017-05-02,밥,참치김치찌개,훈제오리구이/쌈무,올방개묵무침,중식,찌개,조류
2017-05-04,밥,들깨미역국,닭갈비,생선까스*타르소스,중식,국,육류
2017-05-08,밥,고추장찌개,쇠불고기,홍어채무침,중식,찌개,육류
2017-05-10,밥,된장찌개,제육볶음,잡채,중식,찌개,육류
2017-05-11,밥,콩가루배추국,낙지볶음,새송이버섯전,중식,국,해산물
2017-05-12,밥,옹심이만두떡국,유린기,카레감자채볶음,중식,국,육류
2017-05-15,밥,콩비지찌개,돈육꽈리고추볶음,매운어묵볶음,중식,찌개,육류
2017-05-16,밥,쇠고기샤브국,오징어볶음,맛살계란찜,중식,찜,해산물
2017-05-17,밥,열무된장국,쇠고기장조림,동태전,중식,국,육류
2017-05-18,밥,부대찌개,굴비구이,고추잡채*꽃빵,중식,찌개,해산물
2017-05-19,밥,새우살미역국,순살양념치킨,콩나물겨자채,중식,국,조류
2017-05-22,밥,시금치된장국,제육볶음,버섯구이*발사믹D,중식,국,육류
2017-05-23,밥,소고기국,간장찜닭,부추전,중식,찜,조류
2017-05-24,콩나물밥,김치국,고등어구이,감자프리타타,중식,국,해산물
2017-05-25,밥,들깨시래기국,오리불고기,두부조림,중식,국,육류
2017-05-26,밥,콩나물국,주꾸미떡볶음,동그랑땡전,중식,국,해산물
2017-05-29,밥,황태국,소불고기,계란찜,중식,찜,육류
2017-05-30,밥,얼갈이된장국,동파삼겹수육,맛살전,중식,국,육류
2017-05-31,열무보리비빔밥,가쯔오장국,탕수만두,콥샐러드,중식,탕,육류
2017-06-01,밥,오이냉국,등갈비김치찜,어묵볶음,중식,찜,육류
2017-06-02,밥,돈육김치찌개,삼치된장구이,모듬소세지볶음,중식,찌개,해산물
2017-06-05,밥,근대국,돈육굴소스볶음,계란말이,중식,국,육류
2017-06-07,밥,콩나물국,훈제오리구이,새송이버섯전,중식,국,조류
2017-06-08,밥,얼갈이된장국,미니채소떡갈비,골뱅이무침*소면,중식,국수,육류
2017-06-09,밥,호박잎된장찌개,깐풍기,어묵꽈리고추볶음,중식,찌개,조류
2017-06-12,밥,연두부탕,쇠고기숙주볶음,홍어채무침,중식,탕,육류
2017-06-13,밥,도토리묵냉국,쭈꾸미볶음,늙은호박전,중식,국,해산물
2017-06-14,곤드레밥*강된장,가쯔오장국,치킨핑거,파스타샐러드,중식,국,조류
2017-06-15,밥,쇠고기샤브국,갈치구이,메추리알조림,중식,국,해산물
2017-06-16,밥,아욱된장국,삼겹살구이,감자채볶음,중식,국,육류
2017-06-19,밥,들깨시래기국,유자청제육볶음,해물부추전,중식,국,육류
2017-06-20,밥,오이지냉국,고등어김치말이,감자비엔나볶음,중식,국,해산물
2017-06-21,카레라이스,유부주머니국,언양식불고기,떡볶이,중식,국,육류
2017-06-22,밥,쇠고기미역국,해물누룽지탕,비빔야채만두,중식,탕,해산물
2017-06-23,밥,나가사끼짬뽕국,닭갈비,셀프무쌈말이,중식,국,육류
2017-06-26,밥,차돌박이찌개,훈제오리고추장볶음,곤약흑임자무침,중식,찌개,조류
2017-06-27,밥,북어콩나물국,오징어볶음,동그랑땡구이,중식,국,해산물
2017-06-28,콩나물밥,얼갈이된장국,삼치구이,잡채,중식,국,해산물
2017-06-29,밥,우무묵냉국,갈릭돈까스,두부양념조림,중식,국,육류
2017-06-30,밥,꼬지어묵탕,매운닭찜,감자채전,중식,찜,조류
2017-07-03,밥,콩나물국,짬뽕불고기,계란찜,중식,찜,육류
2017-07-04,밥,배추된장국,낙지볶음,고기전,중식,국,해산물
2017-07-05,짜장덮밥,계란국,유산슬,군만두,중식,국,해산물
2017-07-06,밥,아욱된장국,등갈비김치찜,어묵볶음,중식,찜,육류
2017-07-07,밥,오이냉국,유린기,도토리묵무침,중식,국,육류
2017-07-10,밥,콩나물국,버섯불고기,해물겨자냉채,중식,국,육류
2017-07-11,밥,어묵국,주꾸미떡볶음,두부계란구이,중식,국,해산물
2017-07-12,<초복특식>,삼계탕,찹쌀밥,생야채&쌈장,중식,탕,조류
2017-07-13,밥,근대국,돼지갈비찜,동태전,중식,찜,육류
2017-07-14,밥,부대찌개,갈치조림,버섯잡채,중식,찌개,해산물
2017-07-17,밥,무채국,돈육고추장볶음,간장두부조림,중식,국,육류
2017-07-18,밥,열무된장국,간장찜닭,통도라지구이,중식,찜,조류
2017-07-19,김치제육덮밥,맑은국,양장피잡채,오꼬노미야끼,중식,국,육류
2017-07-20,밥,소고기매운무국,오징어굴소스볶음,모둠버섯구이,중식,국,해산물
2017-07-21,밥,닭곰탕,미트볼케찹조림,메밀전,중식,탕,육류
2017-07-24,밥,어묵탕,콩나물불고기,동그랑땡전,중식,탕,육류
2017-07-25,밥,된장찌개,가자미카레튀김,닭살냉채,중식,찌개,해산물
2017-07-26,나물비빔밥,미소장국,파스타샐러드,소세지오븐구이,중식,국,육류
2017-07-27,밥,콩나물냉국,순살파닭,오징어브로컬리*초장,중식,국,조류
2017-07-28,밥,쇠고기샤브국,주꾸미떡볶음,연두부*양념장,중식,국,해산물
2017-07-31,밥,연두부탕,쇠고기숙주볶음,홍어채무침,중식,탕,육류
2017-08-01,밥,부대찌개,해물누룽지탕,우엉잡채,중식,탕,해산물
2017-08-02,밥,꽃게탕,미니채소떡갈비,두부계란구이,중식,탕,육류
2017-08-03,밥,오이미역냉국,닭오븐구이,꽈리고추어묵조림,중식,국,조류
2017-08-04,밥,콩나물국,제육볶음,메추리알조림,중식,국,육류
2017-08-07,밥,어묵국,쇠고기낙지볶음,새송이버섯전,중식,국,육류
2017-08-08,밥,미역국,닭갈비,시금치프리타타,중식,국,육류
2017-08-09,밥,도토리묵냉국,수제돈까스,두부양념조림,중식,국,육류
2017-08-10,밥,돈육김치찌개,갈치구이,비엔나감자볶음,중식,찌개,해산물
2017-08-11,밥,고추장찌개,돈육보쌈,쌈&야채스틱,중식,찌개,육류
2017-08-14,밥,된장찌개,짬뽕불고기,옥수수계란찜,중식,찜,육류
2017-08-16,밥,쇠고기무국,오징어볶음*소면,모듬묵양념장,중식,국수,해산물
2017-08-17,밥,들깨시래기국,매운닭찜,임연수구이,중식,찜,조류
2017-08-18,짜장밥,맑은국,해물까스*칠리소스,부추만두,중식,국,해산물
2017-08-21,밥,조랭이떡미역국,소고기불고기,김치전,중식,국,육류
2017-08-22,밥,해물된장찌개,표고버섯탕수육,두부조림,중식,탕,육류
2017-08-23,곤드레밥*강된장,가쯔오장국,가자미양념찜,감자채볶음,중식,찜,해산물
2017-08-24,밥,쇠고기샤브국,주꾸미굴소스볶음,볼어묵볶음,중식,국,해산물
2017-08-25,밥,알탕,미트볼케찹조림,계란말이,중식,탕,육류
2017-08-28,밥,콩나물국,돈육간장불고기,매운어묵볶음,중식,국,육류
2017-08-29,밥,배추된장국,닭갈비,동태전,중식,국,육류
2017-08-30,산채비빔밥,미소장국,언양식불고기,과일샐러드,중식,국,육류
2017-08-31,밥,육개장,굴비구이,탕수만두,중식,탕,해산물
2017-09-01,밥,시래기국,훈제오리구이,두부구이*양념장,중식,국,조류
2017-09-04,밥,북어국,버섯불고기,야채계란찜,중식,찜,육류
2017-09-05,밥,연두부탕,등갈비김치찜,도토리묵무침,중식,찜,육류
2017-09-06,밥,꽃게탕,마늘치킨,양배추쌈*쌈장,중식,탕,조류
2017-09-07,밥,쇠고기미역국,오징어볶음*소면,고기전,중식,국수,해산물
2017-09-08,밥,열무된장국,동파육,셀프무쌈말이,중식,국,육류
2017-09-11,밥,시래기된장국,유자청제육볶음,오꼬노미야끼계란말이,중식,국,육류
2017-09-12,밥,차돌박이찌개,해물누룽지탕,돈육잡채,중식,탕,해산물
2017-09-13,카레라이스,미소장국,떡갈비조림,모듬묵샐러드,중식,국,육류
2017-09-14,밥,고사리육개장,닭찜,두부계란부침,중식,찜,조류
2017-09-15,밥,참치김치찌개,단호박장조림,고등어구이,중식,찌개,육류
2017-09-18,밥,해물순두부찌개,언양식불고기,감자채전,중식,찌개,육류
2017-09-19,밥,들깨버섯국,소고기낙지볶음,비엔나케찹조림,중식,국,육류
2017-09-20,콩나물밥,가쯔오국,감자프리타타,메밀전병만두,중식,국,육류
2017-09-21,밥,쇠고기샤브국,꽁치구이,김치제육볶음,중식,국,해산물
2017-09-22,밥,콩가루배추국,순살양념치킨,콩나물겨자채,중식,국,조류
2017-09-25,밥,근대국,짬뽕불고기,실곤약흑임자무침,중식,국수,육류
2017-09-26,밥,시래기들깨탕,닭갈비,해물파전,중식,탕,육류
2017-09-27,밥,콩나물국,삼겹살구이,어묵볶음,중식,국,육류
2017-09-28,밥,차돌박이찌개,매운주꾸미볶음,두부새싹구이,중식,찌개,해산물
2017-09-29,밥,미역국,쇠불고기/잡채,오징어숙회무침,중식,국,육류
2017-10-10,밥,아욱국,훈제오리구이,계란찜,중식,찜,조류
2017-10-11,밥,고추장찌개,레몬탕수육,궁중떡찜,중식,찜,육류
2017-10-12,밥,해물된장찌개,닭찜,새송이버섯전,중식,찜,조류
2017-10-13,밥,쇠고기무국,오징어볶음*소면,메추리알조림,중식,국수,해산물
2017-10-16,밥,차돌박이찌개,제육볶음,모둠쌈,중식,찌개,육류
2017-10-17,밥,근대국,고등어조림,고추잡채*꽃빵,중식,국,해산물
2017-10-18,밥,민물새우찌개,수제돈가스,시금치프리타타,중식,찌개,육류
2017-10-19,밥,새알미역국,유린기,마파두부,중식,국,육류
2017-10-20,밥,쇠고기매운버섯국,해물청경채볶음,메밀부추전,중식,국,해산물
2017-10-23,밥,콩나물국,버섯불고기,홍어채무침,중식,국,육류
2017-10-24,밥,배추된장국,쭈꾸미볶음,두부계란부침,중식,국,해산물
2017-10-25,곤드레밥*강된장,가쯔오장국,갈치조림,쇠고기잡채,중식,국,해산물
2017-10-26,밥,육개장,치킨핑거,도토리묵무침,중식,국,조류
2017-10-27,밥,시금치국,돼지갈비찜,어묵볶음,중식,찜,육류
2017-10-30,밥,들깨시래기국,닭갈비,연두부*양념장,중식,국,육류
2017-10-31,밥,근대국,돈삼겹보쌈,옥수수전,중식,국,육류
2017-11-01,카레덮밥,맑은국,개성감자만두,파스타샐러드,중식,국,육류
2017-11-02,밥,사골떡국,오징어볶음,계란말이,중식,국,해산물
2017-11-03,밥,된장찌개,누룽지탕수육,실곤약초무침,중식,탕,육류
2017-11-06,밥,콩가루배추국,짬뽕불고기,참치야채전,중식,국수,육류
2017-11-07,밥,오징어국,수제돈까스,삼치구이,중식,국,육류
2017-11-08,콩나물밥,미역장국,언양식불고기,도라지오이무침,중식,국,육류
2017-11-09,밥,해물된장찌개,매운닭찜,두부조림,중식,찜,조류
2017-11-10,밥,올갱이아욱국,등갈비김치찜,들깨버섯무침,중식,찜,육류
2017-11-13,밥,시금치국,소고기불고기,해물파전,중식,국,육류
2017-11-14,밥,새알미역국,돼지갈비찜,두부새싹구이,중식,찜,육류
2017-11-15,곤드레밥*간장양념,청양된장찌개,굴비구이,궁중떡볶이,중식,찌개,해산물
2017-11-16,밥,북어계란국,찜닭,메밀전병만두,중식,찜,조류
2017-11-17,밥,콩비지찌개,미니채소떡갈비,동태전,중식,찌개,육류
2017-11-20,밥,차돌박이찌개,오징어볶음,계란말이,중식,찌개,해산물
2017-11-21,밥,어묵국,순살파닭,맛살겨자채,중식,국,조류
2017-11-22,단호박영양밥,가쯔오장국,돈육칠리강정,모듬묵샐러드,중식,국,육류
2017-11-23,밥,쇠고기무국,갈치구이,고추잡채*꽃빵,중식,국,해산물
2017-11-24,밥,꽃게탕,돈육굴소스볶음,새송이버섯전,중식,탕,육류
2017-11-27,밥,아욱국,버섯불고기,골뱅이무침*소면,중식,국수,육류
2017-11-28,밥,연두부탕,사천식탕수육,견과류조림,중식,탕,육류
2017-11-29,나물비빔밥,미소장국,코다리조림,과일샐러드,중식,국,해산물
2017-11-30,밥,들깨시래기국,제육볶음,메추리알조림,중식,국,육류
2017-12-01,밥,동태탕,찜닭,옥수수전,중식,찜,조류
2017-12-04,밥,들깨무채국,돈육피망볶음,모둠쌈,중식,국,육류
2017-12-05,밥,소고기된장찌개,낙지볶음,계란찜,중식,찜,해산물
2017-12-06,콩나물밥,유부주머니국,생선까스&탈탈소스,두부양념조림,중식,국,해산물
2017-12-07,밥,봄동된장국,닭볶음탕,부추전,중식,탕,조류
2017-12-08,밥,부대찌개,미트볼케찹조림,사각어묵볶음,중식,찌개,육류
2017-12-11,밥,해물된장찌개,돈육굴소스볶음,홍어채무침,중식,찌개,육류
2017-12-12,밥,차돌박이찌개,해물누룽지탕,계란말이,중식,탕,해산물
2017-12-13,카레라이스,미소장국,떡갈비조림,모듬묵*양념장,중식,국,육류
2017-12-14,밥,우거지해장국,명태코다리조림,비엔나케찹볶음,중식,국,해산물
2017-12-15,밥,들깨시래기국,표고버섯탕수육,두부오꼬노미야끼,중식,탕,육류
2017-12-18,밥,오징어국,버섯불고기,실곤약초무침,중식,국,육류
2017-12-19,밥,달래된장국,주꾸미볶음,시금치프리타타,중식,국,해산물
2017-12-20,밥,민물새우찌개,동파육,새송이버섯전,중식,찌개,육류
2017-12-21,밥,순두부찌개,훈제오리구이,어묵볶음,중식,찌개,조류
2017-12-22,밥,콩나물국,간장마늘치킨,오징어초무침,중식,국,조류
2017-12-26,밥,꽃게탕,언양식불고기,날치알계란찜,중식,찜,육류
2017-12-27,밥,쇠고기미역국,오징어볶음,동그랑땡전,중식,국,해산물
2017-12-28,밥,아욱된장국,돼지갈비찜,콩나물겨자채,중식,찜,육류
2017-12-29,밥,어묵국,닭볶음탕,연근땅콩조림,중식,탕,조류
2018-01-02,밥,사골떡국,한방소갈비찜,김치전,중식,찜,육류
2018-01-03,곤드레밥*간장양념,청량된장찌개,굴비구이,궁중떡볶이,중식,찌개,해산물
2018-01-04,밥,콩가루배추국,제육볶음,고구마그라탕,중식,탕,육류
2018-01-05,밥,부대찌개,깐풍기,곤약어묵볶음,중식,찌개,조류
2018-01-08,밥,황태국,소불고기,계란찜,중식,찜,육류
2018-01-09,밥,근대국,양파치킨,비엔나케찹볶음,중식,국,조류
2018-01-10,콩나물밥,맑은국,고추잡채*꽃빵,해물까스,중식,국,해산물
2018-01-11,밥,봄동된장국,오징어돈육볶음,참치야채전,중식,국,육류
2018-01-12,밥,차돌박이찌개,명태코다리강정,모둠버섯볶음,중식,찌개,해산물
2018-01-15,밥,아욱국,유자청제육볶음,해물파전,중식,국,육류
2018-01-16,밥,꽃게탕,미니채소떡갈비,쫄면무침,중식,국수,육류
2018-01-17,나물비빔밥,가쯔오장국,치킨핑거,마늘쫑볶음,중식,국,조류
2018-01-18,밥,된장찌개,쇠고기장조림,해파리냉채,중식,찌개,육류
2018-01-19,밥,육개장,탕수어,버섯잡채,중식,탕,해산물
2018-01-22,밥,북어국,쇠고기숙주볶음,골뱅이무침,중식,국,육류
2018-01-23,밥,시금치된장국,오징어볶음,고기전,중식,국,해산물
2018-01-24,짜장덮밥,맑은국,과일탕수육,개성감자만두,중식,탕,육류
2018-01-25,밥,김치콩나물국,돈육굴소스볶음,황태양념구이,중식,국,육류
2018-01-26,밥,연두부탕,순살파닭,늙은호박전,중식,탕,조류
2018-01-29,밥,봄동된장국,가래떡돼지갈비찜,콩나물겨자채,중식,찜,육류
2018-01-30,밥,어묵국,닭볶음,새송이버섯전,중식,국,조류
2018-01-31,김치제육덮밥,미소장국,양장피잡채,계란찜,중식,찜,육류
2018-02-01,밥,닭곰탕,매콤미니함박,삼치구이,중식,탕,육류
2018-02-02,밥,차돌박이찌개,표고버섯탕수육,해물김치전,중식,탕,육류
2018-02-05,밥,순두부찌개,돈육볶음,홍어채무침,중식,찌개,육류
2018-02-06,밥,해물된장찌개,쇠고기장조림,참치야채전,중식,찌개,육류
2018-02-07,콩나물밥,유부주머니국,언양식불고기,치즈계란말이,중식,국,육류
2018-02-08,밥,열무된장국,동파삼겹수육,연두부*양념장,중식,국,육류
2018-02-09,밥,부대찌개,해물청경채볶음,메밀전,중식,찌개,해산물
2018-02-12,밥,차돌박이찌개,닭갈비,실곤약초무침,중식,찌개,육류
2018-02-13,밥,아욱된장국,사천식탕수육,모둠버섯볶음,중식,탕,육류
2018-02-14,밥,떡국,버섯불고기,오징어숙회무침,중식,국,육류
2018-02-19,밥,들깨미역국,훈제오리구이,두부양념조림,중식,국,조류
2018-02-20,밥,배추된장국,짬뽕불고기,늙은호박전,중식,국수,육류
2018-02-21,카레덮밥,맑은국,고구마치즈구이,파스타샐러드,중식,국,기타
2018-02-22,밥,콩나물국,마늘치킨,모둠묵*양념장,중식,국,조류
2018-02-23,밥,시금치된장국,등갈비김치찜,맛살냉채,중식,찜,육류
2018-02-26,밥,황태국,소고기숙주볶음,새송이버섯전,중식,국,육류
2018-02-27,밥,아욱된장국,돼지갈비찜,마늘쫑볶음,중식,찜,육류
2018-02-28,곤드레밥*강된장,어묵국,치킨핑거*요거트소스,도토리묵무침,중식,국,조류
2018-03-02,밥,차돌박이된장찌개,조기구이,오징어숙회무침,중식,찌개,해산물
2018-03-05,밥,해물순두부찌개,소고기장조림,해파리냉채,중식,찌개,육류
2018-03-06,밥,근대된장국,닭강정,해물파전,중식,국,조류
2018-03-07,콩나물밥,가쯔오국,삼치구이,떡잡채,중식,국,해산물
2018-03-08,밥,홍합탕,오리불고기,탕평채,중식,탕,육류
2018-03-09,밥,쇠고기샤브국,주꾸미볶음,두부새싹구이,중식,국,해산물
2018-03-12,밥,배추된장국,버섯불고기,시금치프리타타,중식,국,육류
2018-03-13,밥,쇠고기무국,미트볼케찹조림,우엉잡채,중식,국,육류
2018-03-14,밥,시금치된장국,탕수어,두부*김치볶음,중식,탕,해산물
2018-03-15,밥,동태탕,닭데리야끼조림,어묵볶음,중식,탕,조류
2018-03-16,밥,얼갈이국,오징어볶음,동그랑땡전,중식,국,해산물
2018-03-19,밥,어묵국,돈육간장볶음,골뱅이무침*소면,중식,국수,육류
2018-03-20,밥,된장찌개,해물누룽지탕,고기전,중식,탕,해산물
2018-03-21,밥,쇠고기미역국,닭볶음탕,도토리묵무침,중식,탕,조류
2018-03-22,밥,우거지해장국,코다리강정,계란말이,중식,국,해산물
2018-03-23,밥,열무된장국,수제돈까스,메추리알곤약조림,중식,국,육류
2018-03-26,밥,차돌박이찌개,닭갈비,새송이버섯조림,중식,찌개,육류
2018-03-27,밥,콩나물국,등갈비김치찜,부추전,중식,찜,육류
2018-03-28,단호박카레라이스,유부장국,유린기,볼어묵볶음,중식,국,육류
2018-03-29,밥,얼큰소고기국,고추잡채*꽃빵,계란찜,중식,찜,육류
2018-03-30,밥,참치김치찌개,주꾸미볶음,미니함박조림,중식,찌개,해산물
2018-04-02,밥,들깨버섯국,소고기낙지볶음,비엔나간장볶음,중식,국,육류
2018-04-03,밥,동태매운탕,언양식불고기,잡채,중식,탕,육류
2018-04-04,곤드레밥*강된장,가쯔오장국,닭오븐구이,오징어숙회무침,중식,국,조류
2018-04-05,밥,쑥된장국,류산슬,오꼬노미야끼계란말이,중식,국,해산물
2018-04-06,밥,수제비국,양념치킨,연두부*달래장,중식,국,조류
2018-04-09,밥,콩나물국,제육볶음,해파리냉채,중식,국,육류
2018-04-10,밥,민물새우찌개,소고기장조림,홍어채무침,중식,찌개,육류
2018-04-11,밥,아욱국,오징어볶음,새싹두부구이,중식,국,해산물
2018-04-12,밥,순두부찌개,코다리양념조림,모듬소시지구이,중식,찌개,해산물
2018-04-13,밥,근대국,안동찜닭,해물김치전,중식,찜,조류
2018-04-16,밥,배추된장국,짬뽕불고기,버섯잡채,중식,국수,육류
2018-04-17,밥,무채국,훈제오리구이,두부조림,중식,국,조류
2018-04-18,콩나물밥,열무된장국,치킨핑거,궁중떡볶음,중식,국,조류
2018-04-19,밥,알탕,돈육간장볶음,실곤약초무침,중식,탕,육류
2018-04-20,밥,돈육김치찌개,가자미카레튀김,야채계란찜,중식,찜,해산물
2018-04-23,밥,콩나물국,류산슬,계란말이,중식,국,해산물
2018-04-24,밥,쇠고기미역국,깐풍기,꽁치김치말이,중식,국,조류
2018-04-25,비빔밥,유부장국,오징어튀김,떡밤초,중식,국,해산물
2018-04-26,밥,시래기국,닭매운찜,호박전,중식,찜,조류
2018-04-27,밥,순두부찌개,삼겹살구이,쫄면무침,중식,국수,육류
2018-04-30,밥,어묵국,닭데리야끼조림,꽃맛살볶음,중식,국,조류
2018-05-02,김치제육덮밥,유부장국,양장피잡채,오꼬노미야끼,중식,국,육류
2018-05-03,밥,도토리묵냉국,수제돈까스*칠리소스,어묵볶음,중식,국,육류
2018-05-04,밥,무청된장국,콩나물제육볶음,임연수구이,중식,국,육류
2018-05-08,밥,배추된장국,버섯불고기,시금치프리타타,중식,국,육류
2018-05-09,밥,돈육김치찌개,탕수어,우엉잡채,중식,탕,해산물
2018-05-10,밥,근대국,돈육굴소스볶음,해파리겨자채,중식,국,육류
2018-05-11,밥,소고기무국,오징어볶음,두부계란부침,중식,국,해산물
2018-05-14,밥,시금치된장국,훈제오리구이,실곤약무침,중식,국,조류
2018-05-15,밥,얼갈이된장국,등갈비김치찜,새송이버섯전,중식,찜,육류
2018-05-16,카레덮밥,맑은국,고구마치즈구이,어묵꽈리고추볶음,중식,국,기타
2018-05-17,밥,콩나물국,닭볶음탕,탕평채,중식,탕,조류
2018-05-18,밥,차돌박이된장찌개,주꾸미볶음,동그랑땡전,중식,찌개,해산물
2018-05-21,밥,시래기들깨탕,짬뽕불고기,멸치볶음,중식,국수,육류
2018-05-23,곤드레밥*강된장,얼갈이된장국,마늘치킨,오징어&브로컬리*초장,중식,국,조류
2018-05-24,밥,조랭이떡국,돼지갈비찜,두부구이,중식,찜,육류
2018-05-25,밥,사과오이냉국,꽁치오븐구이,떡갈비조림,중식,국,해산물
2018-05-28,밥,미역국,제육볶음,두부양념조림,중식,국,육류
2018-05-29,밥,김치찌개,해물청경채볶음,버섯잡채,중식,찌개,해산물
2018-05-30,콩나물밥,유부장국,수제돈가스,파스타샐러드,중식,국,육류
2018-05-31,밥,오징어국,동파삼겹수육,메밀부추전,중식,국,육류
2018-06-01,밥,우거지해장국,치킨핑거,명태양념조림,중식,국,조류
2018-06-04,밥,콩나물국,돈육간장볶음,계란말이,중식,국,육류
2018-06-05,밥,된장찌개,닭갈비,해파리겨자채,중식,찌개,육류
2018-06-07,밥,순두부찌개,고추잡채*꽃빵,갈치구이,중식,찌개,해산물
2018-06-08,밥,대구매운탕,완자전,곤약메추리알조림,중식,탕,해산물
2018-06-11,밥,배추된장국,버섯불고기,골뱅이무침*소면,중식,국수,육류
2018-06-12,밥,육개장,고등어김치말이,모듬소시지구이,중식,국,해산물
2018-06-14,밥,근대국,순살파닭,카레감자채볶음,중식,국,조류
2018-06-15,밥,부대찌개,오징어볶음,연두부*양념장,중식,찌개,해산물
2018-06-18,밥,미역국,훈제오리구이,쫄면무침,중식,국수,조류
2018-06-19,밥,꽃게탕,삼치데리야끼,비엔나케찹볶음,중식,탕,해산물
2018-06-20,열무비빔밥,팽이장국,미니채소떡갈비,땅콩조림,중식,국,육류
2018-06-21,밥,오이냉국,짬뽕불고기,명란계란말이,중식,국수,육류
2018-06-22,밥,닭개장,코다리강정,잡채,중식,국,해산물
2018-06-25,밥,어묵국,닭갈비,시금치프리타타,중식,국,육류
2018-06-26,밥,돈육김치찌개,류산슬,생선커틀릿*탈탈소스,중식,찌개,해산물
2018-06-27,카레덮밥,가쯔오장국,깐풍육,구운채소,중식,국,육류
2018-06-28,밥,들깨버섯국,매운돼지갈비찜,메추리알곤약조림,중식,찜,육류
2018-06-29,밥,육개장,동태무조림,메밀전병만두,중식,국,해산물
2018-07-02,밥,콩나물국,유자청제육볶음,계란말이,중식,국,육류
2018-07-03,밥,아욱국,소고기장조림,홍어채무침,중식,국,육류
2018-07-04,곤드레밥*양념장,맑은국,탕수어,오이무침,중식,탕,해산물
2018-07-05,밥,근대국,닭볶음탕,해물파전,중식,탕,조류
2018-07-06,밥,도토리묵냉국,동파삼겹수육,매운어묵볶음,중식,국,육류
2018-07-09,밥,고추장찌개,돈육굴소스볶음,브로컬리오징어숙회,중식,찌개,육류
2018-07-10,밥,쇠고기매운국,훈제오리구이,우엉잡채,중식,국,조류
2018-07-11,나물비빔밥,미소장국,오징어튀김,견과류조림,중식,국,해산물
2018-07-12,밥,호박잎된장찌개,깐풍기,해파리겨자채,중식,찌개,조류
2018-07-13,밥,어묵국,등갈비김치찜,연두부*양념장,중식,찜,육류
2018-07-16,밥,된장찌개,소불고기,동그랑땡전,중식,찌개,육류
2018-07-17,삼계탕,찹쌀밥,생야채,참나물생채,중식,탕,조류
2018-07-18,콩나물밥,유부장국,해물까스*칠리소스,메추리알조림,중식,국,해산물
2018-07-19,밥,해물순두부찌개,안동찜닭,부추전,중식,찜,조류
2018-07-20,밥,우무콩국,유자청제육볶음,통도라지구이,중식,국,육류
2018-07-23,밥,어묵국,돈육굴소스볶음,오징어야채무침,중식,국,육류
2018-07-24,밥,우거지해장국,삼치양념구이,함박스테이크,중식,국,해산물
2018-07-25,밥,쇠고기샤브국,유린기,사각어묵볶음,중식,국,육류
2018-07-26,밥,오이지냉국,매운돼지갈비찜,콩나물냉채,중식,찜,육류
2018-07-27,밥,닭곰탕,주꾸미떡볶음,새송이버섯전,중식,탕,해산물
2018-07-30,밥,근대국,닭갈비,시금치프리타타,중식,국,육류
2018-07-31,밥,콩나물국,짬뽕불고기,버섯잡채,중식,국수,육류
2018-08-01,카레덮밥,가쯔오장국,떡갈비조림,감자만두,중식,국,육류
2018-08-02,밥,돈육김치찌개,갈치양념조림,옥수수전,중식,찌개,해산물
2018-08-03,밥,연두부탕,닭오븐구이,꽈리고추어묵조림,중식,탕,조류
2018-08-06,밥,콩나물김치국,소불고기,골뱅이무침*소면,중식,국수,육류
2018-08-07,밥,얼갈이된장국,오징어볶음,닭살겨자냉채,중식,국,해산물
2018-08-08,열무보리비빔밥,맑은국,깐풍육,꽃맛살샐러드,중식,국,육류
2018-08-09,밥,미역오이냉국,돈육장조림,온두부,중식,국,육류
2018-08-10,밥,된장찌개,굴비구이,미트볼케찹조림,중식,찌개,해산물
2018-08-13,밥,들깨버섯국,제육볶음,계란찜,중식,찜,육류
2018-08-14,밥,차돌박이된장찌개,해물누룽지탕,쫄면야채무침,중식,국수,해산물
2018-08-16,밥,닭개장,동태포전,주꾸미굴소스볶음,중식,국,해산물
2018-08-17,밥,알탕,쇠고기단호박조림,두부오꼬노미야끼,중식,탕,육류
2018-08-20,밥,시금치된장국,훈제오리구이,실곤약무침,중식,국,조류
2018-08-21,밥,미역국,소고기불고기,양념두부조림,중식,국,육류
2018-08-22,비빔밥,미소장국,해물까스,궁중떡볶이,중식,국,해산물
2018-08-23,밥,된장찌개,꽁치레몬구이,동그랑땡,중식,찌개,해산물
2018-08-24,밥,우무묵냉국,마늘치킨,계란말이,중식,국,조류
2018-08-27,밥,배추된장국,돈육간장불고기,홍어채무침,중식,국,육류
2018-08-28,밥,쇠고기샤브국,탕수어,쫄면무침,중식,국수,해산물
2018-08-29,콩나물밥,팽이장국,치킨핑거,메추리알조림,중식,국,조류
2018-08-30,밥,근대국,모듬장조림,마파두부,중식,국,육류
2018-08-31,밥,조랭이떡국,소고기낙지볶음,두부새싹구이,중식,국,육류
2018-09-03,밥,콩나물국,버섯불고기,브로컬리오징어숙회,중식,국,육류
2018-09-04,밥,들깨시래기국,동파삼겹수육,녹두전,중식,국,육류
2018-09-05,김치제육덮밥,맑은국,샐러드파스타,오징어튀김,중식,국,육류
2018-09-06,밥,꽃게탕,간장찜닭,연두부*양념장,중식,찜,조류
2018-09-07,밥,미역국,매운주꾸미볶음,새송이버섯전,중식,국,해산물
2018-09-10,밥,연두부국,돈육고추장불고기,감자채볶음,중식,국,육류
2018-09-11,밥,쇠고기미역국,닭매운찜,두부스테이크,중식,찜,조류
2018-09-12,소불고기덮밥,가쯔오장국,오징어튀김,구운채소,중식,국,해산물
2018-09-13,밥,시래기국,등갈비김치찜,부추전,중식,찜,육류
2018-09-14,밥,고추장찌개,언양식불고기,계란말이,중식,찌개,육류
2018-09-17,밥,어묵국,돈육굴소스볶음,골뱅이무침*소면,중식,국수,육류
2018-09-18,밥,닭개장,류산슬,김치전,중식,국,해산물
2018-09-19,카레덮밥,유부장국,감자프리타타,메밀전병만두,중식,국,육류
2018-09-20,밥,꽃게탕,소고기장조림,명태조림,중식,탕,육류
2018-09-21,밥,아욱된장국,돼지갈비찜/잡채,쭈꾸미숙회무침,중식,찜,육류
2018-10-08,밥,어묵탕,돈육고추장불고기,감자채볶음,중식,탕,육류
2018-10-10,곤드레밥*강된장,맑은국,돈육강정,사과고구마그라탱,중식,국,육류
2018-10-11,밥,들깨버섯국,오징어볶음,단호박계란찜,중식,찜,해산물
2018-10-12,밥,설렁탕,김치전,오징어젓무침,중식,탕,해산물
2018-10-15,밥,열무된장국,버섯불고기,맛살겨자채,중식,국,육류
2018-10-16,밥,매운소고기무국,조기구이,우엉잡채,중식,국,해산물
2018-10-17,콩나물밥,유부장국,생선가스*칠리소스,가래떡구이*조청,중식,국,해산물
2018-10-18,밥,감자국,김치제육볶음,해물파전,중식,국,육류
2018-10-19,밥,오징어국,닭갈비,연두부*양념장,중식,국,육류
2018-10-22,밥,고추장찌개,돈육간장불고기,야채계란찜,중식,찜,육류
2018-10-23,밥,콩비지찌개,닭볶음탕,메밀전병만두,중식,탕,조류
2018-10-24,밥,콩나물국,등갈비김치찜,어묵볶음,중식,찜,육류
2018-10-25,밥,얼갈이국,쇠고기낙지볶음,시금치프리타타,중식,국,육류
2018-10-26,밥,근대국,오징어볶음,두부새싹구이,중식,국,해산물
2018-10-29,밥,황태국,소불고기,홍어채무침,중식,국,육류
2018-10-30,밥,어묵국,동파삼겹수육,실곤약야채무침,중식,국,육류
2018-10-31,밥,콩나물국,수제돈가스,닭살겨자채,중식,국,육류
2018-11-01,밥,시래기국,마늘간장치킨,새송이버섯전,중식,국,조류
2018-11-02,밥,배추된장국,훈제오리구이,참치야채전,중식,국,조류
2018-11-05,밥,쇠고기샤브국,오징어볶음,단호박계란찜,중식,찜,해산물
2018-11-06,밥,매운콩나물국,닭데리야끼구이,해파리냉채,중식,국,조류
2018-11-07,곤드레밥*강된장,맑은국,사천식탕수육,탕평채,중식,탕,육류
2018-11-08,밥,미역국,닭갈비,동태포전,중식,국,육류
2018-11-09,밥,육개장,고등어구이,비엔나케찹볶음,중식,국,해산물
2018-11-12,밥,순두부찌개,소고기불고기,골뱅이무침*소면,중식,국수,육류
2018-11-13,밥,청국장찌개,돈육강정,두부양념조림,중식,찌개,육류
2018-11-14,콩나물밥*양념장,팽이장국,치킨핑거*요거트드레싱,꽃맛살샐러드,중식,국,조류
2018-11-15,밥,아욱국,유자청제육볶음,오징어숙회무침,중식,국,육류
2018-11-16,밥,알탕,언양식불고기,부추깻잎전,중식,탕,육류
2018-11-19,밥,꽃게탕,돈육굴소스볶음,매운어묵볶음,중식,탕,육류
2018-11-20,밥,들깨시래기국,주꾸미볶음,메추리알조림,중식,국,해산물
2018-11-21,카레덮밥,맑은국,새우까스*탈탈소스,파스타샐러드,중식,국,해산물
2018-11-22,밥,콩나물국,닭볶음탕,두부구이*양념장,중식,탕,조류
2018-11-23,밥,근대국,버섯불고기,쫄면무침,중식,국수,육류
2018-11-26,밥,얼갈이국,닭갈비,감자프리타타,중식,국,육류
2018-11-27,밥,배추된장국,짬뽕불고기,늙은호박전,중식,국수,육류
2018-11-28,나물비빔밥,가쯔오장국,오징어튀김,과일샐러드,중식,국,해산물
2018-11-29,밥,두부김치국,레몬탕수육,어묵꽈리고추볶음,중식,탕,육류
2018-11-30,밥,매운버섯국,해물누룽지탕,계란말이,중식,탕,해산물
2018-12-03,밥,미역국,쇠고기낙지볶음,계란찜,중식,찜,육류
2018-12-04,밥,차돌박이찌개,유린기,모듬버섯볶음,중식,찌개,육류
2018-12-05,단호박영양밥,유부장국,언양식불고기,주꾸미초무침,중식,국,육류
2018-12-06,밥,콩나물국,오리불고기,셀프무쌈말이,중식,국,육류
2018-12-07,밥,떡만두국,쇠고기모듬장조림,동그랑땡전,중식,국,육류
2018-12-10,밥,아욱국,제육볶음,감자그라탕,중식,탕,육류
2018-12-11,밥,시금치국,등갈비김치찜,메밀전,중식,찜,육류
2018-12-12,콩나물밥*양념장,가쯔오국,가자미튀김,고추잡채*꽃빵,중식,국,해산물
2018-12-13,밥,매운어묵국,동파삼겹수육,맛살전,중식,국,육류
2018-12-14,밥,동태찌개,치즈함박스테이크,두부조림,중식,찌개,육류
2018-12-17,밥,콩나물국,짬뽕불고기,메추리알조림,중식,국수,육류
2018-12-18,밥,연두부탕,닭볶음탕,해물김치전,중식,탕,조류
2018-12-19,곤드레밥*강된장,팽이장국,탕수어,쫄면무침,중식,국수,해산물
2018-12-20,밥,근대국,돼지갈비찜,두부새싹구이,중식,찜,육류
2018-12-21,밥,닭개장,갈치양념조림,고기전,중식,국,해산물
2018-12-24,밥,열무된장국,훈제오리구이,매운어묵볶음,중식,국,조류
2018-12-26,밥,아욱국,돈육굴소스볶음,골뱅이무침*소면,중식,국수,육류
2018-12-27,밥,순두부찌개,오징어볶음,계란말이,중식,찌개,해산물
2018-12-28,밥,고추장찌개,버섯불고기,해물동그랑땡,중식,찌개,육류
2018-12-31,밥,콩나물국,돈육고추장불고기,감자채볶음,중식,국,육류
2019-01-02,밥,떡국,소갈비찜,해물파전,중식,찜,육류
2019-01-03,밥,차돌박이찌개,안동찜닭,주꾸미초무침,중식,찜,조류
2019-01-04,밥,두부김치국,언양식불고기,삼치구이,중식,국,육류
2019-01-07,밥,시래기국,쇠고기숙주볶음,늙은호박전,중식,국,육류
2019-01-08,밥,콩나물국,치즈함박스테이크,고등어구이,중식,국,육류
2019-01-09,비빔밥,맑은국,치킨핑거*요거트소스,하와이안샐러드,중식,국,조류
2019-01-10,밥,육개장,탕수육,감자프리타타,중식,탕,육류
2019-01-11,밥,꽃게탕,고추잡채*꽃빵,메밀전,중식,탕,해산물
2019-01-14,밥,알탕,돈육굴소스볶음,감자채볶음,중식,탕,육류
2019-01-15,밥,어묵국,등갈비김치말이,해파리냉채,중식,국,육류
2019-01-16,짜장덮밥,맑은국,유산슬,군만두,중식,국,해산물
2019-01-17,밥,봄동된장국,쇠고기낙지볶음,두부스테이크,중식,국,육류
2019-01-18,밥,콩나물김치국,순살파닭,실곤약초무침,중식,국,조류
2019-01-21,밥,고추장찌개,버섯불고기,야채계란찜,중식,찜,육류
2019-01-22,밥,배추된장국,닭볶음탕,새송이버섯전,중식,탕,조류
2019-01-23,콩나물밥,맑은국,생선까스*탈탈소스,파스타샐러드,중식,국,해산물
2019-01-24,밥,얼갈이국,누룽지탕수육,오징어초무침,중식,탕,육류
2019-01-25,밥,수제비국,짬뽕불고기,멸치호두볶음,중식,국수,육류
2019-01-28,밥,된장찌개,김치제육볶음,사과고구마그라탱,중식,찌개,육류
2019-01-29,밥,새알만두국,양파치킨,돈육잡채,중식,국,조류
2019-01-30,카레덮밥,유부장국,새우까스*칠리소스,쫄면무침,중식,국수,해산물
2019-01-31,밥,청국장찌개,갈치구이,비엔나감자볶음,중식,찌개,해산물
2019-02-01,밥,시금치국,동파삼겹수육,해물파전,중식,국,육류
2019-02-07,밥,열무된장국,훈제오리구이,매운어묵볶음,중식,국,조류
2019-02-08,밥,황태국,제육볶음,들깨버섯무침,중식,국,육류
2019-02-11,밥,어묵국,소불고기,계란말이,중식,국,육류
2019-02-12,밥,순두부찌개,돈육장조림,옥수수전,중식,찌개,육류
2019-02-13,낙지비빔밥,맑은국,메추리알조림,고구마튀김,중식,국,조류
2019-02-14,밥,꽃게탕,미니채소떡갈비,카레감자채볶음,중식,탕,육류
2019-02-15,밥,봄동된장국,오징어볶음,연두부*양념장,중식,국,해산물
2019-02-18,밥,콩비지찌개,치즈함박스테이크,새송이버섯전,중식,찌개,육류
2019-02-19,밥,차돌박이찌개,굴비구이,오징어야채무침,중식,찌개,해산물
2019-02-20,곤드레밥*양념장,맑은국,치킨핑거,김치찐만두,중식,국,조류
2019-02-21,밥,아욱국,돼지갈비찜,시금치프리타타,중식,찜,육류
2019-02-22,밥,돈육김치찌개,언양식불고기,맛살냉채,중식,찌개,육류
2019-02-25,밥,고추장찌개,버섯불고기,두부양념조림,중식,찌개,육류
2019-02-26,밥,쇠고기미역국,미트볼칠리조림,고등어구이,중식,국,육류
2019-02-27,비빔밥,유부장국,오징어튀김,떡밤초,중식,국,해산물
2019-02-28,밥,콩가루배추된장국,돈삼겹보쌈,매운어묵볶음,중식,국,육류
2019-03-04,밥,해물된장찌개,돈육간장불고기,옥수수계란찜,중식,찜,육류
2019-03-05,밥,육개장,고추잡채*꽃빵,삼치구이,중식,국,해산물
2019-03-06,콩나물밥,미역장국,코다리강정,닭가슴살냉채,중식,국,해산물
2019-03-07,밥,북어해장국,소고기낙지볶음,녹두전,중식,국,육류
2019-03-08,밥,차돌박이찌개,해물누룽지탕,비엔나컬리플라워조림,중식,탕,해산물
2019-03-11,밥,어묵국,쇠고기숙주볶음,감자프리타타,중식,국,육류
2019-03-12,밥,쑥국,안동찜닭,해물김치전,중식,찜,조류
2019-03-13,카레덮밥,가쯔오장국,고구마치즈구이,쫄면무침,중식,국수,기타
2019-03-14,밥,우거지해장국,갈치구이,모듬소시지구이,중식,국,해산물
2019-03-15,밥,열무된장국,등갈비김치찜,메밀전병만두,중식,찜,육류
2019-03-18,밥,콩나물국,버섯불고기,오징어숙회무침,중식,국,육류
2019-03-19,밥,아욱국,동파육,계란찜,중식,찜,육류
2019-03-20,김치제육덮밥,맑은국,야채튀김,시저샐러드,중식,국,육류
2019-03-21,밥,미역국,한방소갈비찜,동태전/새송이전,중식,찜,육류
2019-03-22,밥,해물된장찌개,돈육굴소스볶음,달래두부무침,중식,찌개,육류
2019-03-25,밥,꽃게탕,소고기장조림,두부구이,중식,탕,육류
2019-03-26,밥,무채국,제육볶음,들깨버섯무침,중식,국,육류
2019-03-27,단호박영양밥,가쯔오장국,돈육칠리강정,모듬묵샐러드,중식,국,육류
2019-03-28,밥,어묵탕,매운돼지갈비찜,야채계란말이,중식,찜,육류
2019-03-29,밥,알탕,미니함박조림,셀프무쌈말이,중식,탕,육류
2019-04-01,밥,황태국,소고기숙주볶음,계란찜,중식,찜,육류
2019-04-02,밥,연두부탕,오징어볶음,궁중떡볶음,중식,탕,해산물
2019-04-03,곤드레밥*강된장,들깨시래기국,순대볶음,쫄면,중식,국수,육류
2019-04-04,밥,돈육김치찌개,안동찜닭,야채비빔만두,중식,찜,조류
2019-04-05,밥,조랭이떡미역국,짬뽕불고기,맛살전,중식,국수,육류
2019-04-08,밥,된장찌개,유자청돈육볶음,새송이버섯전,중식,찌개,육류
2019-04-09,밥,순두부찌개,주꾸미볶음,감자채볶음,중식,찌개,해산물
2019-04-10,나물비빔밥,가쯔오장국,오징어튀김,과일샐러드,중식,국,해산물
2019-04-11,밥,콩나물국,수제돈까스,파스타샐러드,중식,국,육류
2019-04-12,밥,아욱국,닭오븐구이,옥수수전,중식,국,조류
2019-04-15,밥,매운어묵국,버섯불고기,시금치프리타타,중식,국,육류
2019-04-16,밥,열무된장국,닭볶음탕,우엉잡채,중식,탕,조류
2019-04-17,밥,떡국,오징어볶음,계란장조림,중식,국,해산물
2019-04-18,밥,매운버섯국,미트볼케찹조림,어묵볶음,중식,국,육류
2019-04-19,짜장덮밥,맑은국,사천식탕수육,군만두,중식,탕,육류
2019-04-22,밥,들깨시래기국,유자청돈육볶음,콩나물겨자채,중식,국,육류
2019-04-23,밥,된장찌개,쇠고기장조림,골뱅이무침*소면,중식,국수,육류
2019-04-24,카레라이스,미소장국,언양식불고기,떡볶이,중식,국,육류
2019-04-25,밥,두부김치국,해물누룽지탕,두부카프레제,중식,탕,해산물
2019-04-26,밥,미역국,돈육간장강정,황태양념구이,중식,국,육류
2019-04-29,밥,김치콩나물국,버섯불고기,계란찜,중식,찜,육류
2019-04-30,밥,소고기샤브국,오징어볶음,모듬묵샐러드,중식,국,해산물
2019-05-02,밥,해물된장찌개,안동찜닭,버섯볶음,중식,찜,조류
2019-05-03,밥,순두부찌개,미니채소떡갈비,사각어묵무침,중식,찌개,육류
2019-05-07,밥,어묵국,훈제오리구이,두부조림,중식,국,조류
2019-05-08,콩나물밥,가쯔오장국,치킨핑거/요거트D,메추리알조림,중식,국,조류
2019-05-09,밥,근대국,보쌈,상추쌈/고추/마늘,중식,국,기타
2019-05-10,밥,참치김치찌개,소고기장조림,실곤약초무침,중식,찌개,육류
2019-05-13,밥,아욱국,제육볶음,해파리겨자채,중식,국,육류
2019-05-14,밥,차돌된장찌개,해물청경채볶음,고기전,중식,찌개,해산물
2019-05-15,산채비빔밥,가쯔오장국,치킨너겟*머스타드,콘샐러드,중식,국,조류
2019-05-16,밥,연두부탕,돼지갈비찜,계란말이,중식,찜,육류
2019-05-17,밥,버섯매운탕,탕수어,온두부,중식,탕,해산물
2019-05-20,밥,된장찌개,소고기숙주나물볶음,코다리조림,중식,찌개,육류
2019-05-21,밥,해물순두부찌개,수원왕갈비통닭,사각어묵볶음,중식,찌개,육류
2019-05-22,밥,꽃게탕,새송이떡갈비구이,도토리묵야채무침,중식,탕,육류
2019-05-23,밥,소고기국,가자미튀김,돈육장조림,중식,국,해산물
2019-05-24,낙지비빔밥,콩나물국,부추전,계란찜,중식,찜,해산물
2019-05-27,밥,북어국,돈육콩나물불고기,시금치프리타타,중식,국,육류
2019-05-28,밥,오징어국,안동찜닭,감자채전,중식,찜,조류
2019-05-29,밥,배추된장국,수제돈가스,마파두부,중식,국,육류
2019-05-30,밥,육개장,고등어구이,야채비빔만두,중식,국,해산물
2019-05-31,봄나물비빔밥,맑은국,함박스테이크,동태전,중식,국,육류
2019-06-03,밥,콩나물국,짬뽕불고기,메추리알조림,중식,국수,육류
2019-06-04,밥,아욱국,등갈비김치찜,두부계란부침,중식,찜,육류
2019-06-05,곤드레밥*양념장,맑은국,코다리조림,계란말이,중식,국,해산물
2019-06-07,밥,고추장찌개,언양식불고기,버섯잡채,중식,찌개,육류
2019-06-10,밥,매운어묵국,소불고기,골뱅이무침*소면,중식,국수,육류
2019-06-11,밥,부대찌개,오징어볶음,연두부*양념장,중식,찌개,해산물
2019-06-12,김치제육덮밥,맑은국,사과고구마그라탕,맛살냉채,중식,탕,육류
2019-06-13,밥,옹심이만두국,닭볶음탕,신김치도토리묵,중식,탕,조류
2019-06-14,밥,오이냉국,사천식탕수육,해물파전,중식,탕,육류
2019-06-17,밥,열무된장국,돼지고기유자청볶음,잡채,중식,국,육류
2019-06-18,밥,북어해장국,매운돼지갈비찜,흑임자연근샐러드,중식,찜,육류
2019-06-19,짜장덮밥,맑은국,깐풍기,물만두,중식,국,조류
2019-06-20,밥,감자국,주꾸미볶음,시금치프리타타,중식,국,해산물
2019-06-21,밥,청국장찌개,소고기장조림,김치전,중식,찌개,육류
2019-06-24,밥,어묵국,소불고기,옥수수계란찜,중식,찜,육류
2019-06-25,밥,참치김치찌개,돈육장조림,맛살전,중식,찌개,육류
2019-06-26,카레덮밥,가쯔오장국,고구마치즈구이,쫄면무침,중식,국수,기타
2019-06-27,밥,소고기미역국,양념치킨,비엔나볶음,중식,국,조류
2019-06-28,콩나물밥*양념장,팽이장국,치킨핑거*요거트드레싱,꽃맛살샐러드,중식,국,조류
2019-07-01,밥,순두부찌개,치즈함박스테이크,매운어묵볶음,중식,찌개,육류
2019-07-02,밥,사과오이냉국,쇠고기낙지볶음,우엉잡채,중식,국,육류
2019-07-03,마파두부덮밥,맑은국,치킨너겟,파스타샐러드,중식,국,조류
2019-07-04,밥,열무된장국,짬뽕불고기,감자채볶음,중식,국수,육류
2019-07-05,밥,김치두부국,훈제오리구이,동그랑땡전,중식,국,조류
2019-07-08,밥,오징어국,버섯불고기,꽃맛살볶음,중식,국,육류
2019-07-09,밥,시래기국,닭볶음탕,어묵꽈리볶음,중식,탕,조류
2019-07-10,열무보리비빔밥,가쯔오장국,깐풍육,시저샐러드,중식,국,육류
2019-07-11,밥,근대국,삼겹보쌈,해물김치전,중식,국,육류
2019-07-12,<초복특식>,삼계탕,찹쌀밥,생야채&쌈장,중식,탕,조류
2019-07-15,밥,차돌박이찌개,돈육굴소스볶음,주꾸미야채무침,중식,찌개,육류
2019-07-16,밥,북어계란국,닭갈비,간장두부조림,중식,국,육류
2019-07-17,산채비빔밥,미소장국,야채튀김,아삭고추무침,중식,국,기타
2019-07-18,밥,돈육김치찌개,미니채소떡갈비,모듬묵양념장,중식,찌개,육류
2019-07-19,밥,소고기무국,갈치구이,비엔나감자볶음,중식,국,해산물
2019-07-22,밥,매운어묵국,소고기숙주볶음,치킨샐러드,중식,국,육류
2019-07-23,밥,시금치된장국,등갈비김치찜,파프리카잡채,중식,찜,육류
2019-07-24,카레라이스,가쯔오국,갈비통통만두,쫄면야채무침,중식,국수,육류
2019-07-25,밥,매운소고기국,유린기,코다리조림,중식,국,육류
2019-07-26,밥,우묵냉국,고구마함박스테이크,김치전,중식,국,육류
2019-07-29,밥,시금치국,유자청제육볶음,사과고구마그라탕,중식,탕,육류
2019-07-30,밥,사과오이냉국,장어강정,햄감자채볶음,중식,국,해산물
2019-07-31,곤드레밥*양념장,맑은국,해물누룽지탕,메밀전병만두,중식,탕,해산물
2019-08-01,밥,아욱국,닭볶음탕,오징어브로컬리숙회,중식,탕,조류
2019-08-02,밥,고추장찌개,미트볼케찹조림,계란말이,중식,찌개,육류
2019-08-05,밥,콩나물국,닭갈비,실곤약흑임자무침,중식,국,육류
2019-08-06,밥,도토리묵냉국,짬뽕불고기,계란찜,중식,찜,육류
2019-08-07,짜장덮밥,맑은국,고추잡채*꽃빵,군만두,중식,국,육류
2019-08-08,밥,아욱국,돼지갈비찜,어묵볶음,중식,찜,육류
2019-08-09,밥,차돌된장찌개,주꾸미볶음,옥수수전,중식,찌개,해산물
2019-08-12,밥,된장찌개,소고기숙주볶음,모듬묵*양념장,중식,찌개,육류
2019-08-13,밥,꽃게탕,언양식불고기,감자프리타타,중식,탕,육류
2019-08-14,콩나물밥,올챙이만두국,유린기,모히토과일샐러드,중식,국,육류
2019-08-16,밥,닭개장,쇠고기장조림,잡채,중식,국,육류
2019-08-19,밥,시래기국,유자청제육볶음,해물겨자냉채,중식,국,육류
2019-08-20,밥,소고기미역국,닭강정,모듬소세지구이,중식,국,조류
2019-08-21,산채비빔밥,미소장국,오징어튀김,아삭고추무침,중식,국,해산물
2019-08-22,밥,닭곰탕,류산슬,오꼬노미야끼계란말이,중식,탕,해산물
2019-08-23,밥,돈육김치찌개,미니채소떡갈비,자반고등어구이,중식,찌개,육류
2019-08-26,밥,꽃게탕,함박스테이크,사과고구마그라탕,중식,탕,육류
2019-08-27,밥,고추장찌개,버섯불고기,동태전,중식,찌개,육류
2019-08-28,카레덮밥,맑은국,치킨핑거,쫄면야채무침,중식,국수,조류
2019-08-29,밥,배추된장국,훈제오리구이,매운어묵볶음,중식,국,조류
2019-08-30,밥,부대찌개,굴비구이,비엔나컬리플라워볶음,중식,찌개,해산물
2019-09-02,밥,들깨시락국,돈육김치볶음,궁중떡볶음,중식,국,육류
2019-09-03,밥,차돌박이찌개,소고기장조림,갈치무조림,중식,찌개,육류
2019-09-04,단호박영양밥,유부장국,새송이너비아니구이,양장피,중식,국,육류
2019-09-05,밥,토란국,매운돼지갈비찜,호박부추전,중식,찜,육류
2019-09-06,밥,된장찌개,수제돈까스,통도라지구이,중식,찌개,육류
2019-09-09,밥,김치콩나물국,짬뽕불고기,버섯잡채,중식,국수,육류
2019-09-10,밥,맑은순두부국,사천식탕수육,감자프리타타,중식,탕,육류
2019-09-11,나물비빔밥,팽이장국,생선까스*칠리소스,갈비만두,중식,국,해산물
2019-09-16,밥,황태국,훈제오리고추장볶음,연두부*장,중식,국,조류
2019-09-17,밥,꽃게된장찌개,돈육굴소스볶음,날치알계란찜,중식,찜,육류
2019-09-18,밥,소고기미역국,탄두리치킨,오징어숙회무침,중식,국,조류
2019-09-19,밥,쇠고기샤브국,주꾸미볶음,카레감자채볶음,중식,국,해산물
2019-09-20,밥,열무된장국,대패삼겹*파채,사각어묵무침,중식,국,육류
2019-09-23,밥,근대국,유자청제육볶음,동그랑땡전,중식,국,육류
2019-09-24,밥,얼갈이된장국,버섯불고기,골뱅이무침,중식,국,육류
2019-09-25,곤드레밥*양념장,맑은국,돈육강정,사과고구마그라탕,중식,탕,육류
2019-09-26,밥,콩나물김치국,해물누룽지탕,두부스테이크,중식,탕,해산물
2019-09-27,밥,어묵국,언양식불고기,계란말이,중식,국,육류
2019-09-30,밥,콩가루배추국,짬뽕불고기,메추리알조림,중식,국수,육류
2019-10-02,밥,돈육김치찌개,닭갈비,우엉잡채,중식,찌개,육류
2019-10-04,밥,해물된장찌개,소불고기,두부양념조림,중식,찌개,육류
2019-10-07,밥,콩비지찌개,돈육굴소스볶음,해파리겨자채,중식,찌개,육류
2019-10-08,밥,동태탕,마늘간장치킨,새송이버섯전,중식,탕,조류
2019-10-10,밥,옹심이만두국,굴비구이,미트볼조림,중식,국,해산물
2019-10-11,밥,아욱국,매운돼지갈비찜,파스타샐러드,중식,찜,육류
2019-10-14,밥,북어해장국,제육볶음,감자채볶음,중식,국,육류
2019-10-15,밥,콩나물국,닭갈비,어묵볶음,중식,국,육류
2019-10-16,콩나물밥,가쯔오국,돈육강정,모히토과일샐러드,중식,국,육류
2019-10-17,밥,알탕,해물굴소스볶음,쇠고기두부찜,중식,찜,해산물
2019-10-18,밥,우거지된장국,쇠고기장조림,옥수수전,중식,국,육류
2019-10-21,밥,고추장찌개,훈제오리단호박볶음,골뱅이무침,중식,찌개,조류
2019-10-22,밥,얼큰순두부찌개,짬뽕불고기,잡채,중식,국수,육류
2019-10-23,카레라이스,우동국,유린기,메밀전병만두,중식,국,육류
2019-10-24,밥,건새우아욱국,등갈비김치말이,계란말이,중식,국,육류
2019-10-25,나물비빔밥,팽이장국,생선까스*칠리소스,갈비만두,중식,국,해산물
2019-10-28,밥,소고기미역국,유자청제육볶음,메추리알조림,중식,국,육류
2019-10-29,밥,된장찌개,오징어볶음,두부새싹구이,중식,찌개,해산물
2019-10-30,마파두부덮밥,맑은국,치킨핑거,시저샐러드,중식,국,조류
2019-10-31,밥,매운콩나물국,동파삼겹수육,늙은호박전,중식,국,육류
2019-11-01,밥,옥수수스프,딸기드레싱샐러드,감자범벅,중식,스프,기타
2019-11-04,밥,근대국,소고기낙지볶음,계란찜,중식,찜,육류
2019-11-05,밥,고추장찌개,순살파닭,감자채볶음,중식,찌개,조류
2019-11-06,김치제육덮밥,가쯔오장국,시금치프리타타,동태전,중식,국,육류
2019-11-07,밥,오징어국,미니채소떡갈비,멸치호두볶음,중식,국,육류
2019-11-08,야채볶음밥*짜장소스,미역장국,사천식탕수육,멕시칸샐러드,중식,탕,육류
2019-11-11,밥,돈육김치찌개,언양식불고기*양파채,잡채,중식,찌개,육류
2019-11-12,밥,차돌된장찌개,주꾸미볶음,옥수수전,중식,찌개,해산물
2019-11-13,곤드레밥*양념장,맑은국,돈육강정,사과고구마그라탕,중식,탕,육류
2019-11-14,밥,콩나물국,해물누룽지탕,모듬소시지구이,중식,탕,해산물
2019-11-15,김치볶음밥,나가사끼짬뽕국,치킨텐더샐러드,또띠아칩,중식,국,조류
2019-11-18,밥,김치콩나물국,소고기장조림,시금치프리타타,중식,국,육류
2019-11-19,밥,육개장,탕수어,온두부,중식,탕,해산물
2019-11-20,콩나물밥*양념장,미소장국,닭강정,청포묵무침,중식,국,조류
2019-11-21,밥,된장찌개,류산슬,비빔야채만두,중식,찌개,해산물
2019-11-22,카레덮밥,맑은국,생선까스,쫄면야채무침,중식,국수,해산물
2019-11-25,밥,고추장찌개,버섯불고기,계란말이,중식,찌개,육류
2019-11-26,밥,김치두부국,누룽지탕수육,마파두부,중식,탕,육류
2019-11-27,나물비빔밥,맑은국,감자치즈구이,군만두,중식,국,육류
2019-11-28,밥,아욱국,닭볶음탕,해물파전,중식,탕,조류
2019-11-29,오므라이스,미소장국,모듬튀김,콘샐러드,중식,국,기타
2019-12-02,밥,열무된장국,훈제오리구이,우엉잡채,중식,국,조류
2019-12-03,밥,홍합탕,마늘간장치킨,부추전,중식,탕,조류
2019-12-04,김치볶음밥/계란,팽이장국,해물까스*칠리소스,콥샐러드,중식,국,해산물
2019-12-05,밥,쇠고기샤브국,닭갈비,동태전,중식,국,육류
2019-12-06,밥,근대국,수제돈가스,계란찜,중식,찜,육류
2019-12-09,밥,들깨시래기국,유자청돈육볶음,콩나물겨자채,중식,국,육류
2019-12-10,밥,매운소고기국,유린기,코다리조림,중식,국,육류
2019-12-11,단호박영양밥,유부장국,새송이너비아니구이,양장피,중식,국,육류
2019-12-12,밥,굴미역국,매운돼지갈비찜,호박부추전,중식,찜,육류
2019-12-13,밥,참치김치찌개,안동찜닭,고추잡채*꽃빵,중식,찜,조류
2019-12-16,밥,열무된장국,훈제오리볶음,떡잡채,중식,국,조류
2019-12-17,밥,무채국,소고기숙주볶음,메추리알곤약조림,중식,국,육류
2019-12-18,콩나물밥,미소장국,언양식불고기*양파채,샐러드파스타,중식,국,육류
2019-12-19,밥,된장찌개,대패삼겹*파채,해물콩나물찜,중식,찜,육류
2019-12-20,밥,감자양파국,매운닭찜,두부커틀릿,중식,찜,조류
2019-12-23,밥,아욱국,돈육김치볶음,비엔나감자조림,중식,국,육류
2019-12-24,밥,오징어국,치킨핑거,애호박전,중식,국,조류
2019-12-26,밥,된장찌개,짬뽕불고기,녹두전,중식,국수,육류
2019-12-27,파인애플볶음밥,가쯔오장국,사천식탕수육,콘치즈오븐구이,중식,탕,육류
2019-12-30,밥,고추장찌개,버섯불고기,두부양념조림,중식,찌개,육류
2019-12-31,밥,배추된장국,닭볶음탕,부추깻잎전,중식,탕,조류
2020-01-02,밥,떡국,제육볶음,시금치프리타타,중식,국,육류
2020-01-03,비빔밥,미소장국,탕수어,과일샐러드,중식,탕,해산물
2020-01-06,밥,된장찌개,돈육김치볶음,사각어묵볶음,중식,찌개,육류
2020-01-07,밥,미역국,순살파닭,감자채전,중식,국,조류
2020-01-08,곤드레밥*양념장,맑은국,돈육강정,사과고구마그라탕,중식,탕,육류
2020-01-09,밥,육개장,가자미튀김,언양식불고기,중식,국,해산물
2020-01-10,참치회덮밥,미소장국,또띠아피자,과일샐러드,중식,국,해산물
2020-01-13,밥,근대국,훈제오리구이,마늘쫑볶음,중식,국,조류
2020-01-14,밥,시래기국,함박스테이크*소스,두부구이,중식,국,육류
2020-01-15,단호박영양밥,연두부탕,오징어숙회무침,고기전,중식,탕,해산물
2020-01-16,밥,해물된장찌개,묵은지닭찜,깐풍두부,중식,찜,조류
2020-01-17,김치필라프,크림스프,토마토스파게티,콥샐러드,중식,스프,해산물
2020-01-20,밥,순두부찌개,닭갈비,고등어구이,중식,찌개,육류
2020-01-21,밥,어묵국,등갈비김치찜,콩나물냉채,중식,찜,육류
2020-01-22,불고기비빔밥,미역장국,허니버터치킨,모듬묵흑임자샐러드,중식,국,조류
2020-01-23,밥,아욱국,돼지갈비찜,동태전,중식,찜,육류
2020-01-28,밥,황태국,오리고추장볶음,어묵꽈리고추조림,중식,국,조류
2020-01-29,콩나물밥*양념장,가쯔오장국,치킨핑거,꽃맛살샐러드,중식,국,조류
2020-01-30,밥,들깨시래기국,닭오븐구이,달래두부무침,중식,국,조류
2020-01-31,김치제육덮밥,계란국,오징어튀김,시저샐러드,중식,국,해산물
2020-02-03,밥,미역국,쇠고기낙지볶음,계란찜,중식,찜,육류
2020-02-04,밥,차돌박이찌개,돈육강정,모듬버섯볶음,중식,찌개,육류
2020-02-05,단호박영양밥,유부장국,언양식불고기,주꾸미초무침,중식,국,육류
2020-02-06,밥,어묵탕,동파삼겹수육,감자채볶음,중식,탕,육류
2020-02-07,밥,두부김치국,굴비구이,미트볼조림,중식,국,해산물
2020-02-10,밥,매운콩나물국,소고기숙주볶음,골뱅이무침*소면,중식,국수,육류
2020-02-11,밥,냉이된장찌개,레몬탕수육,실곤약흑임자무침,중식,탕,육류
2020-02-12,곤드레밥*강된장,팽이장국,닭데리야끼조림,비빔야채만두,중식,국,조류
2020-02-13,밥,동태찌개,돈육간장볶음,사각어묵볶음,중식,찌개,육류
2020-02-14,김밥볶음밥,미니짬뽕,크림새우,하와이안샐러드,중식,국수,해산물
2020-02-17,밥,쇠고기샤브국,유자청제육볶음,우엉잡채,중식,국,육류
2020-02-18,밥,차돌된장찌개,주꾸미볶음,고기전,중식,찌개,해산물
2020-02-19,나물비빔밥,미소장국,사과고구마그라탕,메밀전병만두,중식,탕,육류
2020-02-20,밥,근대국,간장마늘치킨,오징어초무침,중식,국,조류
2020-02-21,밥,들깨미역국,짬뽕불고기,새송이버섯전,중식,국수,육류
2020-02-24,밥,된장찌개,돈육김치볶음,계란찜,중식,찜,육류
2020-02-25,밥,부대찌개,훈제오리구이,늙은호박전,중식,찌개,조류
2020-02-26,낙지비빔밥,팽이장국,치킨텐더*콘소스D,과일샐러드,중식,국,조류
2020-02-27,밥,북어국,닭갈비,두부계란부침,중식,국,육류
2020-02-28,밥,아욱국,소고기장조림,황태양념구이,중식,국,육류
2020-03-02,밥,두부김치국,소고기버섯볶음,모듬묵*장,중식,국,육류
2020-03-03,밥,쇠고기무국,오징어볶음*소면,꽃맛살볶음,중식,국수,해산물
2020-03-04,콩나물밥*달래장,고추장찌개,갈치구이,떡잡채,중식,찌개,해산물
2020-03-05,밥,미역국,수원왕갈비통닭,김치전,중식,국,육류
2020-03-06,곤드레밥,건새우아욱국,돈육간장볶음,쫄면야채무침,중식,국수,육류
2020-03-09,밥,콩나물국,소불고기,옥수수계란찜,중식,찜,육류
2020-03-10,밥,대파육개장*칼국수,가자미엿장조림,꼬들단무지무침,중식,국,육류
2020-03-11,카레라이스,미소시루,감자만두*양념,애기새송이버섯볶음,중식,국,육류
2020-03-12,밥,순두부찌개,해물돼지갈비찜,가지완자튀김,중식,찜,육류
2020-03-13,밥,설렁탕,동태포전,"야채스틱,고추*쌈장",중식,탕,해산물
2020-03-16,밥,어묵국,돈육굴소스볶음,오징어숙회무침,중식,국,육류
2020-03-17,밥,대구탕,차돌박이숙주볶음,"브로컬리,다시마*초장",중식,탕,해산물
2020-03-18,마파두부덮밥,조갯살무국,레몬유린기,콩나물냉채,중식,국,육류
2020-03-19,밥,콩비지찌개,짜장닭볶음,햄계란말이,중식,찌개,조류
2020-03-20,밥,갈비탕,칠리새우,감자채볶음,중식,탕,해산물
2020-03-23,밥,시래기국,오리양념불고기*쌈무,봄동전*양념,중식,국,육류
2020-03-24,밥,소고기미역국,해물누룽지탕,김치고기전,중식,탕,해산물
2020-03-25,밥,유부주머니국,목살스테이크,파스타샐러드,중식,국,육류
2020-03-26,밥,배추된장국,제육볶음,계란찜,중식,찜,육류
2020-03-27,봄나물비빔밥,맑은국,치킨너겟,시저샐러드,중식,국,조류
2020-03-30,밥,우렁된장찌개,주꾸미볶음,오꼬노미계란말이,중식,찌개,해산물
2020-03-31,밥,고추장찌개,안동찜닭,모듬버섯볶음,중식,찜,조류
2020-04-01,밥,들깨시래기국,삼겹살수육&풋고추,오복지무침,중식,국,육류
2020-04-02,밥,경상도식소고기국,등갈비김치찜,감자채볶음,중식,찜,육류
2020-04-03,밥,순대국밥,고추튀김,오이&당근*쌈장,중식,국,육류
2020-04-06,밥,미역국,오리불고기,백김치,중식,국,육류
2020-04-07,밥,꽃게된장국,후르츠탕수육,두부양념조림,중식,탕,육류
2020-04-08,낙지비빔밥,계란국,닭강정,셀프무쌈말이,중식,국,조류
2020-04-09,밥,두부김치국,소고기브로컬리볶음,시금치부침개,중식,국,육류
2020-04-10,고기듬뿍카레라이스,미니우동,고구마고로케,오렌지자몽샐러드,중식,우동,육류
2020-04-13,밥,아욱국,치즈닭갈비,참치야채샐러드,중식,국,육류
2020-04-14,밥,홍초콩나물국,LA갈비구이,주꾸미세비체샐러드,중식,국,육류
2020-04-16,밥,전복장각삼계탕,육전,해물잡채,중식,탕,육류
2020-04-17,밥,소고기당면국,바질페스토스파게티,연어스테이크,중식,국,해산물
2020-04-20,밥,황태국,우엉불고기,야채계란말이,중식,국,육류
2020-04-21,밥,멸치국수,오향장육,꼬막미나리초무침,중식,국,육류
2020-04-22,밥,나주곰탕,춘천닭갈비,황태포무침,중식,탕,육류
2020-04-23,밥,새우완자탕,고구마치즈돈까스,해물볶음우동,중식,우동,육류
2020-04-24,밥,대구지리탕,카레닭볶음,모듬소세지버섯구이,중식,탕,조류
2020-04-27,밥,육개장,수원왕갈비,브로콜리새송이메추리알조림,중식,국,육류
2020-04-28,건강비빔밥*약고추장,제첩두부국,깻잎전,황태채마늘쫑무침,중식,국,해산물
2020-04-29,새우날치알볶음밥,쌀국수(숙주들어감),장어구이*소스,춘권튀김*칠리드레질,중식,국,해산물
2020-05-04,밥,버섯들깨국,삼겹살더덕고추장구이,"곰취,명이나물-장아찌",중식,국,육류
2020-05-06,밥,왕갈비탕,해물전,쫄면야채무침,중식,국수,해산물
2020-05-07,밥,냉메밀소바,히레카츠*소스,견과류연근조림,중식,국수,기타
2020-05-08,밥,아욱수제비국,해물섞어찜,크레미계란말이,중식,찜,해산물
2020-05-11,밥,돈육김치찌개,냉족발야채무침,두부참치조림,중식,찌개,육류
2020-05-12,밥,열무물국수,소갈비찜,"오징어링,새우튀김",중식,찜,육류
2020-05-13,밥,닭개장,떡갈비,골뱅이야채무침,중식,국,육류
2020-05-14,소고기콩나물밥*양념,들깨미역국,바싹불고기*양파초절임,야채스틱*견과쌈장,중식,국,육류
2020-05-15,밥,유부주머니된장국,생선까스*타르,블랙페퍼쉬림프,중식,국,해산물
2020-05-18,밥,연두부탕,제육볶음,시금치프리타타,중식,탕,육류
2020-05-19,밥,들깨수제비,닭볶음탕,도토리묵무침,중식,탕,조류
2020-05-20,닭살카레라이스,미역미소시루,후르츠탕수육,비빔메밀면,중식,국수,육류
2020-05-21,밥,차돌된장찌개,주꾸미볶음,두부스테이크,중식,찌개,해산물
2020-05-22,소불고기덮밥,맑은국,야채비빔만두,어묵볶음,중식,국,육류
2020-05-25,밥,매콤콩나물국,짬뽕불고기,연두부*장,중식,국수,육류
2020-05-26,밥,시래기국,고추잡채*꽃빵,동그랑땡구이,중식,국,기타
2020-05-27,곤드레밥*양념장,무채국,꽁치한마리구이,만두탕수육,중식,탕,해산물
2020-05-28,밥,콩비지찌개,오징어볶음,옥수수계란찜,중식,찜,해산물
2020-05-29,마파두부덮밥,유부장국,레몬유린기,두릅소고기샐러드,중식,국,육류
2020-06-01,밥,소고기미역국,닭갈비,콩나물잡채,중식,국,육류
2020-06-02,밥,된장찌개,돈육고추장볶음,사각어묵무침,중식,찌개,육류
2020-06-03,열무보리비빔밥/강된장,가쯔오장국,깐풍육,시저샐러드,중식,국,육류
2020-06-04,밥,육개장,소고기장조림,녹두전,중식,국,육류
2020-06-05,베이컨김치볶음밥,냉모밀국수,해물부추전,야채고로케,중식,국,해산물
2020-06-08,밥,대구탕,오삼불고기,해물동그랑땡,중식,탕,육류
2020-06-09,밥,시금치된장국,닭볶음탕,두부구이*양념장,중식,탕,조류
2020-06-10,나물비빔밥,오이사과냉국,치킨핑거,맛살떡샐러드,중식,국,조류
2020-06-11,밥,매운소고기국,굴비구이,토마토프리타타,중식,국,해산물
2020-06-12,돈육버섯고추장덮밥,팽이무국,양파링카레튀김,모듬어묵볶음,중식,국,육류
2020-07-01,밥,냉모밀국수,매운돈갈비찜,메밀전병*간장,중식,찜,육류
2020-07-02,밥,대파육개장,홍어미나리초무침,어묵잡채,중식,국,기타
2020-07-03,카레라이스,동태알탕,부추고추전*간장,쫄면야채무침,중식,국수,해산물
2020-07-06,밥,매운소고기무국,춘천닭갈비,옥수수계란찜,중식,찜,육류
2020-07-07,밥,물만두국,오리불고기,콩나물맛살냉채,중식,국,육류
2020-07-08,밥,한방설렁탕,오징어초무침,채소스틱&쌈장,중식,탕,해산물
2020-07-09,밥,시금치된장국,닭볶음탕,건새우호박채전,중식,탕,조류
2020-07-10,밥,맑은콩나물국,돈육고추장볶음,쌈채소&쌈장,중식,국,육류
2020-07-13,마파두부덮밥,미역미소시루,레몬유린기,만두찜*간장,중식,찜,육류
2020-07-14,밥,건새우무채국,쭈꾸미삼겹고추장볶음,두부커틀렛*칠리,중식,국,육류
2020-07-15,비빔밥*약고추장,콩가루배춧국,열기어구이,도토리묵*양념간장,중식,국,해산물
2020-07-16,밥,장각삼계탕,해물잡채,가지찜,중식,찜,해산물
2020-07-17,밥,김치우동,수제돈가스*소스,호박새우젓볶음,중식,우동,육류
2020-07-20,밥,호박맑은국,돈육김치볶음,두부맛전,중식,국,육류
2020-07-21,밥,닭개장,양장피,꽃맛살샐러드,중식,국,조류
2020-07-22,밥,아욱국,오리불고기,고등어카레구이,중식,국,육류
2020-07-23,밥,소고기미역국,깻잎통닭*치킨소스,김치전,중식,국,조류
2020-07-24,밥,해물수제비국,만가닥버섯불고기,실곤약냉채,중식,국,육류
2020-07-27,밥,황태미역국,안동찜닭,토마토스크램블,중식,찜,조류
2020-07-28,밥,호박된장찌개,목살스테이크,가자미엿장구이,중식,찌개,육류
2020-07-29,밥,우거지국,삼겹살수육,모둠쌈*쌈장,중식,국,육류
2020-07-30,낙지비빔밥*계란후라이,팽이장국,후라이드*강정소스,미나리초무침,중식,국,조류
2020-07-31,밥,짜글이돼지찌개,새우까스*소스,어묵고추장떡,중식,찌개,해산물
2020-08-03,밥,김치두부국,오리대패불고기,골뱅이채소무침,중식,국,육류
2020-08-04,밥,냉이된장국,돈갈비찜,오징어튀김*초간장,중식,찜,육류
2020-08-05,밥,맑은콩나물국,장어강정,꽈리고추메추리알조림,중식,국,해산물
2020-08-06,밥,건새우아욱국,쭈삼불고기,분홍소시지전/새송이전,중식,국,육류
2020-08-07,밥,얼갈이된장국,닭다리바베큐오븐구이,아귀순살찜,중식,찜,육류
2020-08-10,밥,뼈없는감자탕,생선까스&소스,해파리무침,중식,탕,해산물
2020-08-11,밥,떡국,매운쇠고기버섯볶음,양배추/케일숙쌈*양념간장,중식,국,육류
2020-08-12,밥,북어채국,오징어볶음&소면사리,타꼬야끼,중식,국수,해산물
2020-08-13,밥,유부장국,바베큐폭립,부들어묵볶음,중식,국,육류
2020-08-14,밥,동태탕,살살치킨&칠리소스,브로콜리버섯볶음,중식,탕,조류
2020-08-18,밥,부대찌개,치즈닭갈비,단호박/김말이튀김,중식,찌개,육류
2020-08-19,밥,맑은버섯육개장,매콤해물볶음,채소계란말이,중식,국,해산물
2020-08-20,밥,순남시래기국,오리불고기,갈릭버섯탕수,중식,탕,육류
2020-08-21,밥,어묵국,오향장육,모둠쌈*씨앗쌈장,중식,국,육류
2020-08-24,밥,바지락미역국,콩나물두루치기,버섯메추리알장조림,중식,국,육류
2020-08-25,밥,시금치된장국,카레닭찜,김치빈대떡,중식,찜,조류
2020-08-26,밥,나주곰탕,적어구이&양념장,한식잡채,중식,탕,해산물
2020-08-27,밥,다슬기아욱국,돈사태김치찜,닭살겨자냉채,중식,찜,육류
2020-08-28,밥,순두부찌개,소불고기,코다리강정,중식,찌개,육류
2020-08-31,밥,황태콩나물해장국,시금치프리타타,가지고추장무침,중식,국,해산물
2020-09-01,밥,우거지국,매콤돼지갈비찜,삼색만두채소무침,중식,찜,육류
2020-09-02,밥,냉족발야채무침,부추샐러드*오리엔탈,포기김치/바나나,중식,탕,조류
2020-09-03,밥,매운계란파국,마파두부,치킨핑거,중식,국,조류
2020-09-04,밥,옹심이만두국,대패삽겹숙주볶음,오징어초무침,중식,국,육류
2020-09-07,밥,아욱된장국,생선까스*소스,마카로니치즈범벅,중식,국,해산물
2020-09-08,계란채소볶음밥,짬뽕국,짜장소스,군만두*장,중식,국,조류
2020-09-09,밥,홍합살미역국,수육*새우젓*쌈장,매콤볼어묵볶음,중식,국,육류
2020-09-10,밥,돈육김치찌개,수완왕갈비맛통닭,콩나물볶음,중식,찌개,육류
2020-09-11,밥,잔치국수,순대채소볶음,참나물두부무침,중식,국,육류
2020-09-14,밥,배추국,오리고추장불고기,모둠쌈*쌈장,중식,국,육류
2020-09-15,밥,순두부찌개,류산슬,가자미엿장구이,중식,찌개,해산물
2020-09-16,밥,유부장국,목살찹스테이크,할라피뇨채소피클,중식,국,육류
2020-09-17,밥,감자수제비국,쇠고기낙지볶음,건새우호박볶음,중식,국,육류
2020-09-18,밥,버섯국,비엔나떡조림,통도라지고추장구이,중식,국,육류
2020-09-21,밥,옹심이만둣국,춘천닭갈비,주꾸미브로콜리숙회,중식,국,육류
2020-09-22,밥,매운콩나물국,돈갈비찜,김말이강정,중식,찜,육류
2020-09-23,밥,갈비탕,오향장육,한식잡채,중식,탕,육류
2020-09-24,밥,북엇국,콩나물파채불고기,해물파전,중식,국,육류
2020-09-25,밥,동태탕,닭다리살스테이크,고구마순볶음,중식,탕,육류
2020-09-28,밥,떡만두국,오리대패불고기,꽁치캔김치조림,중식,국,육류
2020-10-05,밥,건새우미역국,매운소불고기,춘권튀김*칠리소스,중식,국,육류
2020-10-06,단호박카레라이스,통계란꼬치어묵탕,두부강정,고추장누들떡볶이,중식,탕,조류
2020-10-07,밥,꽃게탕,바베큐장각오븐구이,버섯초무침,중식,탕,육류
2020-10-08,밥,우거지된장국,닭살겨자냉채,부추무침,중식,국,조류
2020-10-12,밥,김칫국,훈제오리볶음,오이볶음,중식,국,조류
2020-10-13,밥,순남시래기국,장어고추장양념구이,알배기/깻잎/생강채*쌈장,중식,국,해산물
2020-10-14,밥,두부된장찌개,츄러스채소맛탕,도라지나물볶음,중식,탕,기타
2020-10-15,밥,홍합살무국,돈갈비양념구이,두반장가지볶음,중식,국,육류
2020-10-16,밥,매운쇠고기국,갈릭순살치킨,임연수무조림,중식,국,조류
2020-10-19,밥,얼갈이된장국,쭈꾸미삼겹살볶음,단호박어묵탕수,중식,탕,육류
2020-10-20,밥,유부김칫국,치킨까스&소스,아귀콩나물찜,중식,찜,조류
2020-10-21,밥,미역미소시루국,차돌비빔국수,토마토계란볶음,중식,국,조류
2020-10-22,밥,곤드레밥/찰현미밥,된장찌개,돼지고추장불고기,중식,찌개,육류
2020-10-23,밥,북엇국,춘천닭갈비,건새우호박채전,중식,국,육류
2020-10-26,밥,맑은콩나물국,묵은지닭볶음탕,생선까스&타르타르소스,중식,탕,조류
2020-10-27,밥,쇠고기미역국,오삼불고기,계란말이,중식,국,육류
2020-10-28,밥,삼계탕,고기완자전,방풍나물,중식,탕,육류
2020-10-29,밥,깐풍기,감자채볶음,도토리묵*양념장,중식,탕,조류
2020-10-30,밥,건새우아욱국,쇠고기숙주볶음,적어양념장구이,중식,국,육류
2020-11-02,밥,돼지김치찌개,당면채소무침,얼갈이나물,중식,국수,기타
2020-11-03,밥,동태매운탕,대패삼겹살볶음,어묵고추장볶음,중식,탕,육류
2020-11-04,전주비빔밥,바지락냉이국,찰떡떡갈비조림,모둠버섯볶음,중식,국,육류
2020-11-05,밥,홍합국,쇠고기낙지볶음,과일그라탕,중식,탕,육류
2020-11-06,밥,근대된장국,수제탕수육,매콤해물볶음,중식,탕,육류
2020-11-09,밥,아욱된장국,매운족발볶음,해물까스*타르타르소스,중식,국,육류
2020-11-10,밥,미역국,동파육,청경채/버섯숙회*초장,중식,국,육류
2020-11-11,밥,한방설렁탕,골뱅이채소무침,개성식메밀부침개,중식,탕,해산물
2020-11-12,밥,북엇국,해물돼지갈비찜,타꼬야끼,중식,찜,육류
2020-11-13,밥,시금치된장국,안동찜닭,수제두부까스&하이소스,중식,찜,조류
2020-11-16,밥,호박된장찌개,오리주물럭,메추리알탕수,중식,탕,조류
2020-11-17,밥,미소장국,알리오올리오파스타,두부고기양념찜,중식,찜,육류
2020-11-18,밥,순두부찌개,New)요거닭,비엔나채소볶음,중식,찌개,조류
2020-11-19,밥,얼갈이된장국,쇠고기당면볶음,가자미유린기,중식,국수,육류
2020-11-20,밥,황태채국,제육고추장불고기,쌈추/깻잎*쌈장,중식,국,육류
2020-11-23,밥,어묵매운탕,등심돈까스,솎음열무나물,중식,탕,육류
2020-11-24,밥,불낙찌개,코다리강정,시금치나물,중식,찌개,해산물
2020-11-25,밥,콩비지김치찌개,해물누룽지탕,탕평채,중식,탕,해산물
2020-11-26,밥,조갯살아욱국,돼지간장불고기,취나물무침,중식,국,육류
2020-11-27,밥,팽이된장국,오징어볶음,고기완자전*케찹,중식,국,해산물
2020-11-30,밥,굴미역국,닭간장조림,스팸계란전,중식,국,육류
2020-12-01,밥,김치두부국,LA갈비구이,한식잡채,중식,국,육류
2020-12-02,밥,팽이장국,메밀전병,채소프리타타,중식,국,기타
2020-12-03,밥,된장찌개,오향장육,더덕구이,중식,찌개,육류
2020-12-04,밥,육개장,갈치감자조림,톳두부무침,중식,국,해산물
2020-12-07,밥,유부주머니국,삼겹살김치볶음,두부구이,중식,국,육류
2020-12-08,밥,우거지국,훈제오리마늘볶음,아귀콩나물찜,중식,찜,조류
2020-12-09,밥,호박고추장찌개,만가닥버섯불고기,치즈계란찜,중식,찜,육류
2020-12-10,밥,북엇국,제육고추장불고기,고등어카레구이,중식,국,육류
2020-12-11,밥,근대국,닭다리살스테이크,단호박채소전,중식,국,육류
2020-12-14,밥,(New)캔꽁치튀김,쫄면채소무침,풋고추양파쌈장무침,중식,국수,해산물
2020-12-15,밥,굴떡국,콩나물파채불고기,쌈배추/양상추*쌈장,중식,국,육류
2020-12-16,밥,해물완자전,가자미무조림,시금치나물,중식,찌개,해산물
2020-12-17,밥,(New)탄두리치킨,문어꽈리고추조림,세발나물무침,중식,국,조류
2020-12-18,밥,동태알탕,수제돈까스&소스,청양고추계란말이,중식,탕,육류
2020-12-21,밥,바지락살무국,오삼불고기,소고기잡채,중식,국,육류
2020-12-22,밥,매운쇠고기샤브샤브,하와이언함박스테이크,토마토두부카프레제,중식,탕,육류
2020-12-23,밥,건새우아욱국,(New)파프리카계란전,마파무조림,중식,국,조류
2020-12-24,호박된장국,오리대패불고기,고등어김치말이찜,파래김,중식,찜,해산물
2021-01-04,밥,소고기떡국,봉추찜닭,오미산적/동태전,중식,찜,조류
2021-01-05,밥,유부된장국,돈육도라지고추장볶음,과일그라탕,중식,탕,육류
2021-01-06,밥,오리들깨탕,꽁치한마리레몬구이,파프리카계란말이,중식,탕,해산물
2021-01-07,밥,아욱된장국,목살스테이크,참치채소볶음,중식,국,육류
2021-01-08,밥,콩나물맑은국,매운소고기낙지볶음,메추리알짜장떡볶이,중식,국,육류
2021-01-11,밥,미역국,오리대패불고기,옥수수계란찜,중식,찜,육류
2021-01-12,밥,된장찌개,콩나물볶음,쑥갓나물,중식,찌개,기타
2021-01-13,밥,시금치된장국,돈육두루치기,타코야끼,중식,국,육류
2021-01-14,밥,콩나물김칫국,소갈비찜,두부까스*칠리소스,중식,찜,육류
2021-01-15,밥,뼈없는감자탕,고등어구이*와사비장,채소스틱*쌈장,중식,탕,해산물
2021-01-18,밥,어묵국,춘천닭갈비,감자채카레볶음,중식,국,육류
2021-01-19,밥,맑은콩나물국,삼겹살김치찜,떡잡채,중식,찜,육류
2021-01-20,밥,아욱국,수제함박스테이크,견과류마카로니범벅,중식,국,육류
2021-01-21,밥,냉이된장국,동파육,봄동전,중식,국,육류
2021-01-22,전주비빔밥*약고추장,계란파국,요거닭,올방개묵무침,중식,국,조류
2021-01-25,밥,전주식콩나물해장국,돈육간장불고기,깐풍연근,중식,국,육류
2021-01-26,밥,들깨미역국,교촌간장치킨,옥수수콘치즈구이,중식,국,조류
2016-02-01,밥,육개장,자반고등어구이,두부조림,석식,국,해산물
2016-02-02,콩나물밥*양념장,어묵국,유산슬,아삭고추무침,석식,국,해산물
2016-02-03,밥,청국장찌개,황태양념구이,고기전,석식,찌개,해산물
2016-02-04,미니김밥*겨자장,우동,멕시칸샐러드,군고구마,석식,우동,기타
2016-02-05,밥,차돌박이찌개,닭갈비,감자소세지볶음,석식,찌개,육류
2016-02-11,참치회덮밥,맑은국,군만두,과일샐러드,석식,국,육류
2016-02-12,밥,김치콩나물국,미니함박,어묵볶음,석식,국,육류
2016-02-15,밥,홍합미역국,등갈비김치찜,임연수구이,석식,찜,육류
2016-02-16,밥,된장찌개,쇠불고기,해파리겨자채,석식,찌개,육류
2016-02-17,볶음밥*자장소스,맑은국,새우또띠아,쨔샤이무침,석식,국,해산물
2016-02-18,밥,순두부찌개,명태조림,감자채볶음,석식,찌개,기타
2016-02-19,밥,설렁탕,김치전,야채스틱,석식,탕,기타
2016-02-22,밥,옹심이만두국,떡갈비조림,청포묵무침,석식,국,육류
2016-02-23,밥,콩비지찌개,해물까스&타르타르소스,볶음쌀국수,석식,국,해산물
2016-02-24,밥,열무된장국,매운돼지갈비찜,멸치호두볶음,석식,찜,육류
2016-02-25,김밥,잔치국수,교자만두,찜),석식,찜,육류
2016-02-26,밥,닭개장,삼치구이,꽃맛살볶음,석식,국,해산물
2016-02-29,밥,버섯들깨탕,꽁치한마리구이,두부양념조림,석식,탕,해산물
2016-03-02,밥,된장찌개,버섯불고기,콩나물겨자채,석식,찌개,육류
2016-03-03,멸치주먹밥,우동,떡볶이,군고구마,석식,우동,기타
2016-03-04,밥,오징어국,미트볼조림,옥수수전,석식,국,육류
2016-03-07,밥,대구찌개,돈육굴소스볶음,감자채볶음,석식,찌개,육류
2016-03-08,카레덮밥,가쯔오장국,수제고로케*케찹,과일샐러드,석식,국,기타
2016-03-09,밥,육개장,생선까스*탈탈소스,야채계란찜,석식,찜,해산물
2016-03-10,볶음밥,짬뽕,개성감자만두,타코야끼,석식,국수,육류
2016-03-11,밥,연두부탕,코다리무조림,고추잡채*꽃빵,석식,탕,해산물
2016-03-14,밥,달래된장찌개,간장찜닭,통도라지구이,석식,찜,조류
2016-03-15,짜장잡채덮밥,계란파국,참치야채전,꽃맛살샐러드,석식,국,해산물
2016-03-16,밥,뼈해장국,해물청경채볶음,버섯메밀전,석식,국,해산물
2016-03-17,토마토스파게티,양송이스프,미니햄버거,단호박범벅,석식,스프,육류
2016-03-18,밥,닭곰탕,임연수찜,어묵곤약볶음,석식,찜,해산물
2016-03-21,밥,수제비국,아귀콩나물찜,새송이버섯볶음,석식,찜,기타
2016-03-22,굴소스파인볶음밥,가쯔오장국,찹쌀순대볶음,궁중떡찜,석식,찜,육류
2016-03-23,밥,알탕,동그랑땡전,마파두부,석식,탕,기타
2016-03-24,참치회덮밥,미소장국,군만두,콘샐러드,석식,국,육류
2016-03-25,밥,냉이된장찌개,누룽지탕수육,감자채볶음,석식,탕,육류
2016-03-28,밥,콩비지찌개,유산슬,해물까스*탈탈소스,석식,찌개,해산물
2016-03-29,햄볶음밥,유부장국,돈육씨앗강정,해초무침,석식,국,육류
2016-03-30,밥,어묵국,등갈비김치찜,청포묵무침,석식,찜,육류
2016-03-31,주먹밥,잔치국수,또띠아피자,과일샐러드,석식,국,기타
2016-04-01,밥,쇠고기미역국,순살깐풍기,계란찜,석식,찜,조류
2016-04-04,밥,된장찌개,고등어조림,고기전,석식,찌개,해산물
2016-04-05,김치볶음밥,가쯔오장국,감자치즈구이,꽃맛살샐러드,석식,국,해산물
2016-04-06,밥,매운버섯국,찜닭,탕평채,석식,탕,조류
2016-04-07,김밥,우동,야채튀김,조각사과,석식,우동,기타
2016-04-08,밥,오징어국,미니함박,멸치호두볶음,석식,국,육류
2016-04-11,밥,쇠고기무국,가자미찜,계란야채말이,석식,찜,해산물
2016-04-12,치킨마요덮밥,유부주머니국,떡볶이,단무지무침,석식,국,조류
2016-04-14,비빔밥,팽이버섯장국,새우또띠아,견과류조림,석식,국,해산물
2016-04-15,밥,들깨미역국,수제돈가스,감자범벅,석식,국,육류
2016-04-18,밥,꽃게탕,유산슬,야채계란찜,석식,찜,해산물
2016-04-19,낙지비빔밥,유부장국,새싹피자,과일샐러드,석식,국,해산물
2016-04-20,밥,어묵국,닭볶음탕,새송이버섯전,석식,탕,조류
2016-04-21,오므라이스,팽이버섯국,해물까스*탈탈소스,쫄면무침,석식,국수,해산물
2016-04-22,밥,순두부찌개,탕수어,꽃맛살볶음,석식,탕,해산물
2016-04-25,밥,알탕,순살깐풍기,모둠묵*양념장,석식,탕,조류
2016-04-26,짜장덮밥,맑은국,쇠고기퀘사디아,오이무침,석식,국,육류
2016-04-27,밥,청국장찌개,코다리무조림,비엔나케찹볶음,석식,찌개,해산물
2016-04-28,참치주먹밥,비빔메밀국수,가쯔오장국,탕수만두,석식,탕,해산물
2016-04-29,밥,들깨버섯탕,고추잡채*꽃빵,두부계란구이,석식,탕,조류
2016-05-02,밥,북어국,고추장불고기,모듬양채쌈,석식,국,육류
2016-05-03,밥,부대찌개*라면사리,탕수육,삼치구이,석식,탕,육류
2016-05-04,카레덮밥,미소장국,수제미니햄버거,오이소박이,석식,국,육류
2016-05-09,밥,닭개장,가자미튀김,모둠소시지구이,석식,국,해산물
2016-05-10,김치볶음밥/계란,가쯔오국,찹쌀순대볶음,감자만두,석식,국,육류
2016-05-11,밥,콩비지찌개,해물누룽지탕,치즈계란말이,석식,탕,해산물
2016-05-12,돈까스김밥,잔치국수,멕시칸샐러드,마늘쫑무침,석식,국,육류
2016-05-13,밥,쇠고기무국,코다리강정,잡채,석식,국,해산물
2016-05-16,밥,닭곰탕,주꾸미볶음,두부계란부침,석식,탕,해산물
2016-05-17,유부초밥,우동,떡볶이,군만두,석식,우동,육류
2016-05-18,밥,뼈해장국,황태양념구이,메추리알조림,석식,국,해산물
2016-05-19,새우살볶음밥,팽이장국,사천식탕수육,콩나물무침,석식,탕,육류
2016-05-20,밥,육개장,꽁치허브구이,비엔나케찹볶음,석식,국,해산물
2016-05-23,밥,수제비국,데리야끼파닭,새송이버섯볶음,석식,국,조류
2016-05-24,참치회덮밥,맑은국,고구마치즈구이,락교,석식,국,해산물
2016-05-25,밥,된장찌개,등갈비김치찜,해물까스*탈탈소스,석식,찜,육류
2016-05-26,짜장잡채밥,계란파국,춘권*칠리소스,과일샐러드,석식,국,조류
2016-05-27,밥,꽃게탕,돈육청경채볶음,계란말이,석식,탕,육류
2016-05-30,밥,해물순두부찌개,미니함박조림,도토리묵무침,석식,찌개,육류
2016-05-31,참치주먹밥,쌀국수,수제고로케*케찹,꽃맛살샐러드,석식,국,해산물
2016-06-01,밥,어묵국,고추장불고기,감자채햄볶음,석식,국,육류
2016-06-02,날치알볶음밥,유부장국,고추잡채*꽃빵,땅콩조림,석식,국,해산물
2016-06-03,밥,시래기국,수제돈까스,단호박범벅/오이피클,석식,국,육류
2016-06-07,콩나물밥*양념장,가쯔오장국,미트볼케찹조림,계란찜,석식,찜,육류
2016-06-08,밥,육개장,자반고등어구이,우엉잡채,석식,국,해산물
2016-06-09,충무김밥,열무물국수,오징어무침,야채튀김,석식,국,해산물
2016-06-10,밥,어묵국,버섯불고기,두부조림,석식,국,육류
2016-06-13,밥,들깨버섯탕,삼치데리야끼구이,햄맛살볶음,석식,탕,해산물
2016-06-14,오므라이스,미소장국,훈제오리냉채,군만두,석식,국,조류
2016-06-15,밥,닭개장,해물청경채볶음,계란말이,석식,국,해산물
2016-06-16,유부초밥,냉모밀국수,치킨핑거*요거트D,떡볶이,석식,국,조류
2016-06-17,밥,소고기미역국,유산슬,해물가스*탈탈소스,석식,국,해산물
2016-06-20,밥,호박잎찌개,쇠불고기,두부계란부침,석식,찌개,육류
2016-06-21,김밥/맑은국,비빔국수,콘샐러드,찐햇감자,석식,국,기타
2016-06-22,밥,닭곰탕,찹쌀순대볶음,연근땅콩조림,석식,탕,육류
2016-06-23,작은밥/맑은국,토마토스파게티,양송이스프,쇠고기퀘사디아,석식,스프,해산물
2016-06-24,밥,순두부찌개,해물누룽지탕,버섯메밀전,석식,탕,해산물
2016-06-27,밥,김치찌개,모둠장조림,주꾸미초무침,석식,찌개,육류
2016-06-28,볶음밥/짜장소스,계란국,탕수만두,멕시칸샐러드,석식,탕,육류
2016-06-29,밥,청국장찌개,아귀콩나물찜,비엔나컬리플라워볶음,석식,찜,육류
2016-06-30,주먹밥,김치말이국수,감자버터구이,견과류조림,석식,국,기타
2016-07-01,밥,차돌박이된장찌개,깐풍기,옥수수전,석식,찌개,조류
2016-07-04,밥,열무된장국,닭볶음탕,궁중떡찜,석식,찜,조류
2016-07-05,굴소스파인볶음밥,맑은국,탕수어,쫄면무침,석식,국수,해산물
2016-07-06,밥,시금치국,오징어볶음,새우까스*탈탈소스,석식,국,해산물
2016-07-07,밥,함박스테이크,단호박스프,옥수수감자범벅,석식,스프,육류
2016-07-08,밥,알탕,고추잡채*꽃빵,동그랑땡전,석식,탕,기타
2016-07-11,밥,부대찌개,가자미튀김,고기전,석식,찌개,해산물
2016-07-12,볶음밥,쌀국수,수제핫도그,홍시드레싱샐러드,석식,국,기타
2016-07-13,밥,쇠고기샤브국,황태양념구이,베이컨계란말이,석식,국,해산물
2016-07-14,멸치주먹밥,물냉면,과일샐러드,무초절임,석식,국수,기타
2016-07-15,밥,오징어국,쇠고기장조림,어묵볶음,석식,국,육류
2016-07-18,밥,느타리버섯국,고등어카레구이,비엔나감자볶음,석식,국,해산물
2016-07-19,콩나물밥,맑은국,너비아니*부추생채,실곤약초무침,석식,국,육류
2016-07-20,밥,동태찌개,치킨핑거,버섯메밀전,석식,찌개,조류
2016-07-21,볶음밥*자장소스,계란파국,유산슬,크랜베리단호박샐러드,석식,국,해산물
2016-07-22,밥,돈육김치찌개,깐풍기,옥수수전,석식,찌개,조류
2016-07-25,밥,콩가루배추국,돈까스,꽈리고추어묵조림,석식,국,육류
2016-07-26,충무김밥,잔치국수,오징어무침,열대과일샐러드,석식,국,해산물
2016-07-27,밥,어묵국,닭볶음탕,모둠버섯볶음,석식,탕,조류
2016-07-28,카레라이스,맑은국,순대야채볶음,연두부*양념,석식,국,육류
2016-07-29,밥,아욱국,등뼈묵은지찜,해물파전,석식,찜,육류
2016-08-01,밥,콩나물국,소불고기,날치알계란찜,석식,찜,육류
2016-08-02,밥,짬뽕수제비국,모둠장조림,가자미찜,석식,찜,육류
2016-08-03,주먹밥,냉모밀국수,소고기퀘사디아,단무지/락교,석식,국,육류
2016-08-04,오므라이스,가쯔오장국,떡볶이,양장피잡채,석식,국,기타
2016-08-05,밥,쇠고기무국,쭈꾸미볶음,두부구이*양념장,석식,국,해산물
2016-08-08,밥,북어국,찜닭,탕평채,석식,탕,조류
2016-08-09,작은밥,콩국수,멕시칸샐러드,찐감자/수박,석식,국,기타
2016-08-10,밥,닭개장,해물청경채볶음,옥수수전,석식,국,해산물
2016-08-11,볶음밥,스파게티/크림스프,치킨텐더,마늘바게뜨/음료,석식,스프,조류
2016-08-12,밥,김치찌개,삼치된장구이,모듬소세지구이,석식,찌개,해산물
2016-08-16,김밥볶음밥,미소장국,과일샐러드,비빔야채만두,석식,국,육류
2016-08-17,밥,콩비지찌개,돈육굴소스볶음,날치알계란찜,석식,찜,육류
2016-08-18,유부초밥,김치우동,왕새우튀김,단무지,석식,우동,해산물
2016-08-19,밥,된장찌개,훈제오리/무쌈/양파절임,감자카레볶음,석식,찌개,조류
2016-08-22,밥,무채국,돈육볶음,볼어묵조림,석식,국,육류
2016-08-23,김치볶음밥,유부장국,허니버터옥수수,닭가슴살장조림,석식,국,육류
2016-08-24,밥,감자국,등갈비김치찜,해파리냉채,석식,찜,육류
2016-08-25,콩국수,작은밥,춘권,단호박조림,석식,국,기타
2016-08-26,밥,콩나물냉국,주꾸미볶음,메밀전병만두,석식,국,해산물
2016-08-29,밥,차돌박이찌개,닭갈비,새송이버섯전,석식,찌개,육류
2016-08-30,굴소스해물볶음밥,맑은국,수제고로케*케찹,망고드레싱샐러드,석식,국,해산물
2016-08-31,밥,청국장찌개,깐풍육,황태양념구이,석식,찌개,육류
2016-09-01,참치주먹밥,로제파스타/스프,고구마치즈구이,오이피클/절인고추,석식,스프,해산물
2016-09-02,밥,알탕,돈육장조림,새싹두부구이,석식,탕,육류
2016-09-05,밥,어묵국,제육볶음,실곤약흑임자무침,석식,국,육류
2016-09-06,볶음밥/짜장소스,유부장국,멕시칸샐러드,찹쌀도너츠,석식,국,기타
2016-09-07,밥,얼갈이된장국,닭오븐구이,김치녹두전,석식,국,조류
2016-09-08,김밥,잔치국수,새우까스*타르타르,꽃맛살샐러드,석식,국,해산물
2016-09-09,밥,쇠고기미역국,자반고등어구이,미트볼케찹조림,석식,국,해산물
2016-09-12,볶음밥,쌀국수,미니햄버거,요플레,석식,국,육류
2016-09-13,밥,참치김치찌개,주꾸미볶음,모듬묵*양념장,석식,찌개,해산물
2016-09-19,밥,수제비국,탕평채,탕평채,석식,탕,기타
2016-09-20,콩나물밥,맑은국,장어강정,마늘쫑볶음,석식,국,해산물
2016-09-21,밥,고추장찌개,쇠고기모둠장조림,해물파전,석식,찌개,육류
2016-09-22,유부초밥,꼬지어묵우동,모듬떡볶이,맛탕,석식,탕,육류
2016-09-23,밥,콩나물국,수제돈까스,통도라지구이,석식,국,육류
2016-09-26,밥,무채맑은국,갈치조림,두부계란부침,석식,국,해산물
2016-09-27,쇠고기숙주규동덮밥,미소장국,탕수어,또띠아칩,석식,탕,해산물
2016-09-28,밥,조갯살미역국,미니채소떡갈비,홍어채무침,석식,국,육류
2016-09-29,충무김밥,잔치국수,오징어무침,군고구마,석식,국,해산물
2016-09-30,밥,근대된장국,돈육강정,계란찜,석식,찜,육류
2016-10-04,밥,콩비지찌개,닭볶음,해파리냉채,석식,찌개,조류
2016-10-05,밥,순두부찌개,미니함박조림,실곤약초무침,석식,찌개,육류
2016-10-06,작은밥,짬뽕,군만두,과일샐러드,석식,국수,육류
2016-10-07,밥,육개장,코다리엿장조림,옥수수전,석식,국,육류
2016-10-10,밥,콩나물국,돈육굴소스볶음,삼치조림,석식,국,육류
2016-10-11,김치볶음밥,미소장국,궁중떡볶음,옥수수맛탕,석식,탕,육류
2016-10-12,밥,황태국,닭오븐구이,비엔나감자볶음,석식,국,조류
2016-10-13,통새우김밥,어묵우동,찹쌀순대볶음,단무지무침,석식,우동,육류
2016-10-14,밥,부대찌개,탕수어,두부새싹구이,석식,탕,해산물
2016-10-17,밥,해물된장찌개,닭매운찜,고기전,석식,찜,조류
2016-10-18,나가사키면&김,참치주먹밥,개성감자만두,꽃맛살샐러드,석식,국수,육류
2016-10-19,밥,어묵국,돼지갈비찜,오징어&브로컬리숙회,석식,찜,육류
2016-10-20,옛날왕돈까스,옥수수스프,샐러드파스타,감자치즈오븐구이,석식,스프,육류
2016-10-21,밥,닭개장,해물청경채볶음,두부양념조림,석식,국,해산물
2016-10-24,밥,북어계란국,닭강정,해파리냉채,석식,국,조류
2016-10-25,오므라이스,가쯔오장국,훈제오리냉채,메추리알조림,석식,국,조류
2016-10-26,밥,쇠고기샤브국,가자미찜,진미채무침,석식,찜,해산물
2016-10-27,밥,바지락수제비,유산슬,멕시칸샐러드,석식,국,해산물
2016-10-28,밥,오징어국,떡갈비조림,마파두부,석식,국,육류
2016-10-31,밥,부대찌개,삼치구이,돈육잡채,석식,찌개,해산물
2016-11-01,짜장덮밥,해물짬뽕,군만두,과일샐러드,석식,국수,육류
2016-11-02,밥,청국장찌개,동파삼겹수육,마늘쫑볶음,석식,찌개,육류
2016-11-03,참치회덮밥,미소장국,새우또띠아/음료,콘샐러드,석식,국,해산물
2016-11-04,밥,순두부찌개,돈육굴소스볶음,황태양념구이,석식,찌개,육류
2016-11-07,밥,목살김치찌개,가자미튀김,비엔나감자볶음,석식,찌개,해산물
2016-11-08,낙지볶음덮밥,맑은국,언양식불고기,꽃맛살샐러드,석식,국,육류
2016-11-09,밥,뼈해장국,고등어양념구이,두부양념찜,석식,찜,해산물
2016-11-10,김밥,계란국,해물볶음우동,비빔야채만두,석식,우동,해산물
2016-11-11,밥,닭곰탕,미트볼떡조림,도토리묵무침,석식,탕,육류
2016-11-14,밥,콩나물국,매운돼지갈비찜,메추리알곤약조림,석식,찜,육류
2016-11-15,굴소스해물볶음밥,미소장국,미니햄버거,쫄면야채무침,석식,국수,육류
2016-11-16,밥,동태찌개,수제돈까스,통도라지구이,석식,찌개,육류
2016-11-17,생선초밥,우동,떡볶이,하와이안샐러드,석식,우동,해산물
2016-11-18,밥,육개장,탕수어,해파리겨자채,석식,탕,해산물
2016-11-21,밥,황태국,등갈비김치찜,궁중떡볶음,석식,찜,육류
2016-11-22,후난식볶음밥,팽이장국,새우까스*탈탈소스,찹쌀순대볶음,석식,국,해산물
2016-11-23,밥,소고기미역국,쭈꾸미볶음,고기전,석식,국,해산물
2016-11-24,멸치주먹밥,잔치국수,또띠아피자,브로컬리꽃맛살샐러드,석식,국,해산물
2016-11-25,밥,된장찌개,장어강정,옥수수전,석식,찌개,해산물
2016-11-28,밥,시금치된장국,닭강정,꽁치한마리구이,석식,국,조류
2016-11-29,참치주먹밥,짬뽕,야채튀김,홍시드레싱샐러드,석식,국수,해산물
2016-12-01,김치볶음밥,미소장국,수제고로케*케찹,갈비만두,석식,국,육류
2016-12-02,밥,오징어국,미니함박조림,연두부*양념장,석식,국,육류
2016-12-05,밥,매운감자국,소고기숙주볶음,코다리엿장조림,석식,국,육류
2016-12-06,유부초밥,쌀국수,단호박조림,핫도그/음료,석식,국,기타
2016-12-07,밥,부대찌개,유린기,잔멸치볶음,석식,찌개,육류
2016-12-08,김밥,계란국,해물볶음우동,과일샐러드,석식,우동,해산물
2016-12-09,밥,쇠고기무국,주꾸미볶음,모듬묵*양념장,석식,국,해산물
2016-12-12,밥,대구지리,유산슬,동그랑땡전,석식,탕,해산물
2016-12-13,주먹밥,양송이스프,토마토스파게티,새우또띠아,석식,스프,해산물
2016-12-14,밥,매생이굴국,간장찜닭,녹두전(김치),석식,찜,조류
2016-12-15,오므라이스,팽이장국,해물떡볶이,호빵/식혜,석식,국,해산물
2016-12-16,밥,미역국,등갈비김치찜,들깨버섯무침,석식,찜,육류
2016-12-19,밥,육개장,탕수어,쫄면야채무침,석식,국수,해산물
2016-12-20,충무김밥,잔치국수,오징어무침,고구마치즈구이,석식,국,해산물
2016-12-21,밥,알탕,돈육장조림,해물파전,석식,탕,육류
2016-12-22,작은밥,바지락수제비,사천식탕수육,메추리알조림,석식,탕,육류
2016-12-23,밥,돈육김치찌개,궁중떡볶음,고등어카레구이,석식,찌개,육류
2016-12-26,밥,청국장찌개,가자미양념찜,훈제오리냉채,석식,찜,해산물
2016-12-27,해물굴소스볶음밥,맑은국,돈육강정,흑임자시금치샐러드,석식,국,육류
2016-12-29,참치주먹밥,김치우동,쇠고기퀘사디아,구운채소,석식,우동,육류
2016-12-30,밥,봄동된장국,닭볶음탕,꼬막찜,석식,찜,조류
2017-01-02,밥,매운오징어국,목살간장조림,두부부침,석식,국,육류
2017-01-03,참치회덮밥,유부주머니국,수제고로케,멕시칸샐러드,석식,국,해산물
2017-01-04,밥,감자찌개,닭데리야끼구이,새송이버섯볶음,석식,찌개,조류
2017-01-05,마파두부덮밥,팽이장국,류산슬,비빔야채만두,석식,국,해산물
2017-01-06,밥,들깨무채국,등갈비묵은지찜,모듬소세지구이,석식,찜,육류
2017-01-09,밥,콩비지찌개,양파치킨,도토리묵무침,석식,찌개,조류
2017-01-10,김치참치주먹밥,가쯔오국,로제스파게티,딸기드레싱샐러드,석식,국,해산물
2017-01-11,밥,해물된장찌개,제육볶음,메밀전병만두,석식,찌개,육류
2017-01-12,밥,뼈감자탕,삼치된장구이,해파리냉채,석식,탕,해산물
2017-01-13,밥,시래기국,소고기장조림,김치전,석식,국,육류
2017-01-16,밥,감자국,매운돼지갈비찜,크랜베리멸치볶음,석식,찜,육류
2017-01-17,후난식볶음밥,맑은국,닭강정,고구마그라탕,석식,탕,조류
2017-01-18,밥,쇠고기샤브국,갈치양념조림,쫄면무침,석식,국수,해산물
2017-01-19,김밥,새우튀김우동,펜네베이컨샐러드,단무지무침,석식,우동,육류
2017-01-20,밥,부대찌개,해물청경채볶음,부추호박전,석식,찌개,해산물
2017-01-23,밥,쇠고기매운국,버섯탕수,꽁치한마리구이,석식,탕,육류
2017-01-24,멸치주먹밥,잔치국수,쇠고기퀘사디아,시금치흑임자샐러드,석식,국,육류
2017-01-26,밥,시래기들깨탕,돈육강정,메추리알곤약조림,석식,탕,육류
2017-01-31,김치볶음밥,꼬지어묵우동,해물까스*탈탈소스,콘샐러드,석식,우동,해산물
2017-02-01,밥,차돌박이찌개,장어강정,어묵꽈리고추볶음,석식,찌개,해산물
2017-02-02,쇠고기덮밥,장국,야채튀김,메쉬드포테이토,석식,국,육류
2017-02-03,밥,소고기무국,고등어김치말이,동그랑땡전,석식,국,해산물
2017-02-06,밥,사골우거지국,탕수어,모듬소세지구이,석식,탕,해산물
2017-02-07,밥,순두부찌개,돈육굴소스볶음,해물파전,석식,찌개,육류
2017-02-08,밥,열무된장국,삼겹살구이,두부찜,석식,찜,육류
2017-02-09,유부초밥,쌀국수,순대오징어볶음,푸실리샐러드,석식,국,육류
2017-02-10,밥,청국장찌개,미니함박조림,감자채볶음,석식,찌개,육류
2017-02-13,밥,부대찌개,고등어구이,비엔나감자볶음,석식,찌개,해산물
2017-02-14,짜장덮밥,맑은국,사천식탕수육,과일샐러드,석식,탕,육류
2017-02-15,밥,오징어국,돈육장조림,황태양념구이,석식,국,육류
2017-02-16,오므라이스,가쯔오장국,치킨텐더,떡볶이,석식,국,조류
2017-02-17,밥,콩비지찌개,고추잡채*꽃빵,계란말이,석식,찌개,조류
2017-02-20,밥,얼갈이된장국,간장찜닭,콩나물냉채,석식,찜,조류
2017-02-21,날치알김치볶음밥,미역장국,쇠고기퀘사디아,꽃맛살샐러드,석식,국,육류
2017-02-23,참치주먹밥,김치우동,케이준샐러드,단호박범벅,석식,우동,해산물
2017-02-24,밥,쇠고기샤브국,가자미양념찜,고기전,석식,찜,해산물
2017-02-27,밥,황태국,짬뽕불고기,연두부*양념장,석식,국수,육류
2017-02-28,김밥,꼬치어묵탕,쫄면야채무침,옥수수맛탕,석식,탕,기타
2017-03-02,후난식볶음밥,잔치국수,새우또띠아,견과류조림,석식,국,해산물
2017-03-03,밥,해물된장찌개,소고기모듬장조림,비엔나케찹볶음,석식,찌개,육류
2017-03-06,밥,김치두부국,쇠불고기,모듬묵*양념장,석식,국,육류
2017-03-07,참치야채비빔밥,맑은국,수제고로케,딸기생크림와플,석식,국,해산물
2017-03-08,밥,차돌박이찌개,코다리강정,돈육잡채,석식,찌개,해산물
2017-03-09,김밥볶음밥,팽이장국,볶음우동,봄나물튀김,석식,우동,기타
2017-03-10,밥,미역국,궁중떡찜,양배추쌈,석식,찜,육류
2017-03-13,밥,육개장,갈치조림,모듬소시지구이,석식,국,해산물
2017-03-14,콩나물밥,가쯔오장국,주꾸미볶음,메추리알조림,석식,국,해산물
2017-03-15,밥,북어계란국,등갈비김치찜,새싹두부구이,석식,찜,육류
2017-03-16,멸치주먹밥,김치말이국수,훈제오리냉채,꽃맛살샐러드,석식,국,조류
2017-03-17,밥,열무된장국,미니함박조림,마파두부,석식,국,육류
2017-03-20,밥,매운버섯국,누룽지탕수육,브로컬리오징어숙회,석식,탕,육류
2017-03-21,베이컨김치볶음밥,미소장국,로제파스타,크림새우,석식,국,육류
2017-03-23,통새우김밥,짬뽕,고구마치즈구이,콘샐러드,석식,국수,해산물
2017-03-24,밥,연두부탕,닭강정,카레감자채볶음,석식,탕,조류
2017-03-27,밥,부대찌개,고등어구이,해파리냉채,석식,찌개,해산물
2017-03-28,해물볶음밥,맑은국,비빔메밀국수,멕시칸샐러드,석식,국,해산물
2017-03-29,밥,우거지탕,돈까스,꽈리고추어묵조림,석식,탕,육류
2017-03-30,충무김밥,유부우동,오징어무침,핫도그&케찹,석식,우동,해산물
2017-03-31,밥,봄동된장국,동태콩나물찜,궁중떡볶음,석식,찜,해산물
2017-04-03,밥,콩비지찌개,가자미카레튀김,고기전,석식,찌개,해산물
2017-04-04,참치주먹밥,쌀국수,오징어순대볶음,시금치흑임자샐러드,석식,국,육류
2017-04-05,밥,미역장국,유자청돈육볶음,두부계란부침,석식,국,육류
2017-04-06,김치볶음밥/계란,유부주머니국,쇠고기퀘사디아,펜네베이컨샐러드,석식,국,육류
2017-04-07,밥,매운어묵국,순살닭갈비,비엔나감자볶음,석식,국,육류
2017-04-10,밥,무채국,치즈시즈닝치킨,해물김치전,석식,국,조류
2017-04-11,밥,카레돈까스정식,미소장국,블루베리드레싱샐러드,석식,국,육류
2017-04-12,밥,순두부찌개,삼치구이,메밀전병만두,석식,찌개,해산물
2017-04-13,유부초밥,잔치국수,수제핫도그,시리얼과일샐러드,석식,국,기타
2017-04-14,밥,청국장찌개,돈육장조림,황태양념구이,석식,찌개,육류
2017-04-17,밥,쇠고기무국,고등어조림,동그랑땡계란부침,석식,국,해산물
2017-04-18,나가사끼짬뽕,야채볶음밥,치킨핑거*요거트D,또띠아칩,석식,국수,조류
2017-04-19,밥,닭개장,갈치구이,햄감자채볶음,석식,국,해산물
2017-04-20,오므라이스,가쯔오장국,떡볶이,고구마치즈구이,석식,국,기타
2017-04-21,밥,열무된장국,돈육강정,연두부*양념장,석식,국,육류
2017-04-24,밥,오징어국,쇠고기숙주볶음,두부오꼬노미야끼,석식,국,육류
2017-04-25,멸치주먹밥,양송이스프,토마토스파게티,꽃맛살샐러드,석식,스프,해산물
2017-04-27,닭갈비볶음밥,어묵국,크림카레우동,왕만두,석식,우동,육류
2017-04-28,밥,얼갈이된장국,주꾸미떡볶음,모듬소세지구이,석식,국,해산물
2017-05-02,밥,순두부찌개,돈육굴소스볶음,계란찜,석식,찜,육류
2017-05-04,야채볶음밥,유부주머니국,미니버거,야채비빔만두,석식,국,육류
2017-05-08,밥,육개장,꽁치오븐구이,꽃맛살볶음,석식,국,해산물
2017-05-10,밥,연두부탕,닭오븐구이,해물김치전,석식,탕,조류
2017-05-11,볶음밥/짜장소스,맑은국,사천식탕수육,망고드레싱샐러드,석식,탕,육류
2017-05-12,밥,청국장찌개,돼지갈비찜,계란말이,석식,찜,육류
2017-05-15,밥,닭개장,가자미카레튀김,연근땅콩조림,석식,국,해산물
2017-05-16,꼬마김밥*겨자장,잔치국수,감자만두,멕시칸샐러드,석식,국,육류
2017-05-17,밥,차돌박이찌개,갈치양념조림,비엔나컬리플라워볶음,석식,찌개,해산물
2017-05-18,밥,옛날돈가스,옥수수스프,고구마범벅,석식,스프,육류
2017-05-19,밥,배추된장국,쇠고기숙주볶음,청포묵무침,석식,국,육류
2017-05-22,밥,연두부찌개,코다리조림,순대야채볶음,석식,찌개,해산물
2017-05-23,볶음밥,짬뽕,탕수육,단무지,석식,탕,육류
2017-05-24,밥,꽃게탕,모둠장조림,해라피겨자채,석식,탕,육류
2017-05-25,마파두부덮밥,유부장국,수제고로케,생과일플레인샐러드,석식,국,기타
2017-05-26,밥,된장찌개,치즈닭갈비,해물까스*칠리소스,석식,찌개,육류
2017-05-29,밥,우거지해장국,임연수엿장조림,고기전,석식,국,육류
2017-05-30,김밥,맑은국,쫄면야채무침,오징어튀김,석식,국수,해산물
2017-06-01,주먹밥,단호박스프,로제스파게티,샐러드/피클,석식,스프,해산물
2017-06-02,밥,새알만두국,팝콘치킨*데리야끼소스,두부새싹구이,석식,국,조류
2017-06-05,밥,감자고추장찌개,탕수어,우엉잡채,석식,탕,해산물
2017-06-07,밥,열무된장국,돼지갈비찜,오징어브로컬리,석식,찜,육류
2017-06-08,김밥볶음밥,냉모밀국수,야채튀김,옥수수샐러드,석식,국,기타
2017-06-09,밥,쇠고기미역국,가자미양념찜,닭살겨자냉채,석식,찜,해산물
2017-06-12,밥,된장찌개,돈육강정,옥수수전,석식,찌개,육류
2017-06-13,참치회덮밥,미소장국,고구마치즈구이,모둠과일,석식,국,해산물
2017-06-14,밥,알탕,미트볼케찹조림,잔멸치볶음,석식,탕,육류
2017-06-15,볶음밥,열무김치국수,부추만두,꽃맛살샐러드,석식,국,육류
2017-06-16,밥,참치김치찌개,쇠고기장조림,올방개묵무침,석식,찌개,육류
2017-06-19,밥,감자국,닭데리야끼조림,매운어묵볶음,석식,국,조류
2017-06-20,충무김밥,미역장국,오징어무침,핫도그&케찹,석식,국,해산물
2017-06-21,밥,해물된장찌개,고추잡채*꽃빵,황태양념구이,석식,찌개,해산물
2017-06-22,소고기주먹밥,쌀국수,또띠아피자,흑임자샐러드,석식,국,육류
2017-06-23,밥,콩비지찌개,탕수어,두부카프레제,석식,탕,해산물
2017-06-26,밥,연두부찌개,탕수육,통도라지구이,석식,탕,육류
2017-06-27,콩국수,작은밥,탄두리치킨,모둠묵샐러드,석식,국,조류
2017-06-29,빠에야,올챙이만두국,웨지감자,하와이안샐러드,석식,국,육류
2017-06-30,밥,청국장찌개,장어강정,오꼬노미야끼계란말이,석식,찌개,해산물
2017-07-03,밥,육개장,고등어카레구이,꽃맛살볶음,석식,국,해산물
2017-07-04,후난식볶음밥,가쯔오장국,닭강정,고구마그라탕,석식,탕,조류
2017-07-05,밥,대구찌개,돈육굴소스볶음,김치녹두전,석식,찌개,육류
2017-07-06,김밥,잔치국수,수제고로케,키위드레싱샐러드,석식,국,기타
2017-07-07,밥,순두부찌개,해물까스*탈탈소스,탕평채,석식,탕,해산물
2017-07-10,밥,감자국,사천식탕수육,건새우마늘쫑볶음,석식,탕,육류
2017-07-11,오므라이스,미소장국,새우또띠아,감자범벅,석식,국,해산물
2017-07-12,밥,해물된장찌개,모둠장조림,참치야채전,석식,찌개,육류
2017-07-13,유부초밥,김치말이국수,풋고추튀김,꽃맛살샐러드,석식,국,해산물
2017-07-14,밥,고추장찌개,미니함박조림,감자채볶음,석식,찌개,육류
2017-07-17,밥,꽃게탕,소고기장조림,꽈리고추찜,석식,찜,육류
2017-07-18,목살필라프,단호박스프,토마토스파게티,시리얼과일샐러드,석식,스프,해산물
2017-07-19,밥,호박잎된장찌개,언양식불고기,코다리강정,석식,찌개,육류
2017-07-20,카레라이스,유부장국,해물볶음우동,찐햇감자,석식,우동,해산물
2017-07-21,밥,육개장,꽁치구이,궁중떡볶이,석식,국,해산물
2017-07-24,밥,콩가루배추국,고추잡채*꽃빵,고등어조림,석식,국,해산물
2017-07-25,빠에야,냉모밀국수,비빔야채만두,하와이안샐러드,석식,국,육류
2017-07-27,마파두부덮밥,미역장국,탕수육,멕시칸샐러드,석식,탕,육류
2017-07-28,밥,닭개장,생선까스*탈탈소스,감자채볶음,석식,국,해산물
2017-07-31,밥,아욱국,돈육씨앗강정,삼치된장구이,석식,국,육류
2017-08-01,김밥볶음밥,잔치국수,훈제오리냉채,감자범벅,석식,국,조류
2017-08-02,밥,느타리버섯국,탕수어,견과류조림,석식,탕,해산물
2017-08-03,콩나물밥,가쯔오장국,쇠고기장조림,실곤약흑임자무침,석식,국,육류
2017-08-04,밥,차돌박이찌개,치킨텐더,꽃맛살볶음,석식,찌개,조류
2017-08-07,밥,근대국,등갈비김치찜,메밀전병만두,석식,찜,육류
2017-08-08,해물굴소스볶음밥,가쯔오장국,비빔메밀국수,야채튀김,석식,국,해산물
2017-08-09,밥,뼈해장국,고등어조림,계란말이,석식,국,해산물
2017-08-10,멸치주먹밥,물냉면,케이준샐러드,떡볶이,석식,국수,기타
2017-08-11,밥,오징어국,깐풍기,모둠버섯구이,석식,국,조류
2017-08-14,밥,콩가루배추국,양파치킨,해물파전,석식,국,조류
2017-08-16,밥,콩나물국,돼지갈비찜,풍기샐러드,석식,찜,육류
2017-08-17,김치볶음밥,어묵우동,미니햄버거,단호박범벅,석식,우동,육류
2017-08-18,밥,해물순두부찌개,유자청제육볶음,두부카프레제,석식,찌개,육류
2017-08-21,밥,참치김치찌개,안동찜닭,잡채,석식,찜,조류
2017-08-22,충무김밥,유부주머니국,오징어무침,파스타샐러드,석식,국,해산물
2017-08-23,밥,청국장찌개,돈육모듬장조림,동그랑땡전,석식,찌개,육류
2017-08-24,김치주먹밥,콩국수,타코야끼,콥샐러드,석식,국,기타
2017-08-25,밥,고추장찌개,생선까스*탈탈소스,닭살냉채,석식,찌개,해산물
2017-08-28,밥,닭곰탕,고등어김치말이,옥수수전,석식,탕,해산물
2017-08-29,유부초밥,냉모밀국수,깐풍육,꽃맛살샐러드,석식,국,육류
2017-08-30,밥,부대찌개,해물청경채볶음,메밀전,석식,찌개,해산물
2017-08-31,밥,옛날돈까스,브로컬리크림스프,키위드레싱샐러드,석식,스프,육류
2017-09-04,밥,콩나물김치국,가자미튀김,모듬소세지구이,석식,국,해산물
2017-09-05,닭갈비볶음밥,가쯔오장국,크림카레우동,감자만두/샐러드,석식,우동,육류
2017-09-06,밥,해물된장찌개,돈육굴소스볶음,홍어채무침,석식,찌개,육류
2017-09-07,볶음밥/짜장소스,맑은국,고추잡채*꽃빵,컬리플라워샐러드,석식,국,기타
2017-09-08,밥,콩비지찌개,유린기,멸치아몬드볶음,석식,찌개,육류
2017-09-11,밥,소고기무국,주꾸미굴소스볶음,쫄면무침,석식,국수,해산물
2017-09-12,김밥,잔치국수,야채튀김,떡볶이,석식,국,기타
2017-09-13,밥,미역국,돼지갈비찜,볼어묵곤약볶음,석식,찜,육류
2017-09-14,빠에야,쌀국수,고구마오븐구이,하와이안샐러드,석식,국,기타
2017-09-15,밥,된장찌개,돈육간장강정,황태양념구이,석식,찌개,육류
2017-09-18,밥,아욱국,후르츠탕수육,골뱅이무침&소면,석식,국수,육류
2017-09-19,충무김밥,나가사끼짬뽕,오징어초무침,꽃맛살샐러드,석식,국수,해산물
2017-09-20,밥,김치국,해물청경채볶음,늙은호박전,석식,국,해산물
2017-09-21,치킨마요덮밥,꼬지어묵탕,수제칠리핫도그,키위드레싱샐러드,석식,탕,육류
2017-09-22,밥,설렁탕,김치전,오징어젓무침,석식,탕,해산물
2017-09-25,밥,부대찌개*라면사리,갈치구이,감자채볶음,석식,찌개,해산물
2017-09-26,참치주먹밥,김치우동,오징어튀김,고구마범벅,석식,우동,해산물
2017-09-27,밥,된장찌개,미니함박조림,계란말이,석식,찌개,육류
2017-09-28,오므라이스,맑은장국,돈가스또띠아,마제소바,석식,국수,육류
2017-10-10,밥,동태찌개,돈육굴소스볶음,쫄면무침,석식,국수,육류
2017-10-11,후난식볶음밥,잔치국수,새우까스*탈탈소스,홍시드레싱샐러드,석식,국,해산물
2017-10-12,밥,순두부찌개,소고기숙주볶음,비엔나감자구이,석식,찌개,육류
2017-10-13,밥,어묵국,등갈비김치찜,옥수수전,석식,찜,육류
2017-10-16,밥,콩나물국,닭오븐구이,녹두전,석식,국,조류
2017-10-17,목살필라프,단호박스프,로제스파게티,웨지감자/피클,석식,스프,해산물
2017-10-18,밥,얼갈이된장국,소고기모듬장조림,동그랑땡전,석식,국,육류
2017-10-19,산채비빔밥,유부장국,수제고로케,생과일플레인샐러드,석식,국,기타
2017-10-20,밥,된장찌개,코다리강정,소세지볶음,석식,찌개,해산물
2017-10-23,밥,수제비국,닭강정,늙은호박전,석식,국,조류
2017-10-24,볶음밥*자장소스,계란파국,떡볶이,고구마그라탕,석식,탕,조류
2017-10-26,멸치주먹밥,김치국수,소고기퀘사디아,꽃맛살샐러드,석식,국,육류
2017-10-27,밥,콩비지찌개,가자미카레튀김,닭살겨자냉채,석식,찌개,해산물
2017-10-30,밥,돈육김치찌개,꽁치구이,고기전,석식,찌개,해산물
2017-10-31,오므라이스,가쯔오장국,해물까스*탈탈소스,꽃맛살볶음,석식,국,해산물
2017-11-01,밥,순두부찌개,깐풍기,꽈리고추어묵볶음,석식,찌개,조류
2017-11-02,통새우김밥,우동,찹쌀순대볶음,딸기드레싱샐러드,석식,우동,육류
2017-11-03,밥,닭개장,미트볼케찹조림,셀프무쌈말이,석식,국,육류
2017-11-06,밥,어묵국,소고기장조림,비엔나케찹볶음,석식,국,육류
2017-11-07,유부초밥,잔치국수,감자치즈오븐구이,해물떡볶이,석식,국,해산물
2017-11-08,밥,쇠고기샤브국,해물청경채볶음,쫄면무침,석식,국수,해산물
2017-11-09,낙지덮밥,유부장국,동그랑땡전,양배추샐러드,석식,국,해산물
2017-11-10,밥,소고기무국,임연수엿장조림,돈육잡채,석식,국,육류
2017-11-13,밥,연두부탕,훈제오리떡볶음,무쌈/부추생채,석식,탕,조류
2017-11-14,볶음밥,계란국,짜장면,새우또띠아/음료,석식,국수,조류
2017-11-15,밥,뼈감자탕,해물까스*탈탈소스,풍기샐러드,석식,탕,해산물
2017-11-16,밥,수제비국,김치두루치기,옥수수계란찜,석식,찜,육류
2017-11-17,밥,토란탕,주꾸미굴소스볶음,감자채볶음,석식,탕,해산물
2017-11-20,밥,알탕,동파삼겹수육,실곤약흑임자무침,석식,탕,육류
2017-11-21,닭갈비볶음밥,쌀국수,수제고로케,왕만두,석식,국,육류
2017-11-22,밥,배추된장국,쇠고기장조림,호박부추전,석식,국,육류
2017-11-23,꼬마김밥*겨자장,김치우동,치킨핑거,시저샐러드,석식,우동,조류
2017-11-24,밥,육개장,새우까스*탈탈소스,마파두부,석식,국,해산물
2017-11-27,밥,쇠고기미역국,닭갈비,두부스테이크,석식,국,육류
2017-11-28,참치주먹밥,짬뽕,고구마그라탕,꽃빵튀김*연유,석식,탕,해산물
2017-11-30,목살필라프,로제파스타/스프,홍시드레싱샐러드,마늘바게뜨,석식,스프,육류
2017-12-01,밥,열무된장국,수제돈가스,탕평채,석식,탕,육류
2017-12-04,밥,김치찌개,유린기,느타리호박볶음,석식,찌개,육류
2017-12-05,참치회덮밥,미소장국,또띠아피자,모둠과일,석식,국,해산물
2017-12-06,밥,쇠고기샤브국,꽁치김치찜,잡채,석식,찜,해산물
2017-12-07,김밥,잔치국수,타코야끼,콥샐러드,석식,국,기타
2017-12-08,밥,설렁탕,김치전,오징어젓무침,석식,탕,해산물
2017-12-11,밥,배추국,쇠고기장조림,갈치구이,석식,국,육류
2017-12-12,김치볶음밥,어묵우동,미니햄버거,감자샐러드,석식,우동,육류
2017-12-13,밥,새알미역국,닭갈비,늙은호박전,석식,국,육류
2017-12-14,멸치주먹밥,나가사끼짬뽕,소고기퀘사디아,꽃맛살샐러드,석식,국수,육류
2017-12-15,밥,올갱이아욱국,등갈비김치찜,들깨버섯무침,석식,찜,육류
2017-12-18,밥,돈육김치찌개,가자미카레튀김,우엉잡채,석식,찌개,해산물
2017-12-19,볶음밥*짜장소스,맑은국,닭오븐구이,멕시칸샐러드,석식,국,조류
2017-12-20,밥,근대국,고추잡채*꽃빵,두부계란부침,석식,국,조류
2017-12-21,작은밥,바지락수제비,찹쌀순대볶음,모둠튀김,석식,국,육류
2017-12-22,밥,황태무채국,유자청제육볶음,해물김치전,석식,국,육류
2017-12-26,밥,청국장찌개,돈육계란장조림,꽃맛살볶음,석식,찌개,육류
2017-12-28,밥,옛날왕돈까스,크림스프,감자범벅/오이피클,석식,스프,육류
2017-12-29,밥,육개장,자반고등어구이,비엔나감자볶음,석식,국,해산물
2018-01-02,밥,대구매운탕,유산슬,메추리알조림,석식,탕,해산물
2018-01-03,밥,홍합탕,사천식탕수육,두부양념조림,석식,탕,육류
2018-01-04,날치알김치볶음밥,어묵우동,새우또띠아,시저샐러드,석식,우동,해산물
2018-01-05,밥,연두부탕,순대오징어볶음,계란말이,석식,탕,육류
2018-01-08,밥,냉이된장국,등갈비김치찜,오징어&브로컬리숙회,석식,찜,육류
2018-01-09,목살필라프,옥수수스프,토마토스파게티,시리얼과일샐러드,석식,스프,해산물
2018-01-10,밥,쇠고기미역국,주꾸미굴소스볶음,모둠묵*양념장,석식,국,해산물
2018-01-11,밥,뼈감자탕,삼치된장구이,두부카프레제,석식,탕,해산물
2018-01-12,밥,시래기국,훈제오리구이,무쌈/양파/부추생채,석식,국,조류
2018-01-15,밥,매운버섯국,굴비구이,소시지오븐구이,석식,국,해산물
2018-01-16,김치주먹밥,쌀국수,국물떡볶이,고구마튀김,석식,국,기타
2018-01-17,밥,콩나물국,삼겹살구이,어묵볶음,석식,국,육류
2018-01-18,오므라이스,팽이장국,돈육강정,감자샐러드,석식,국,육류
2018-01-19,밥,순두부찌개,닭갈비,메추리알곤약조림,석식,찌개,육류
2018-01-22,밥,돈육김치찌개,갈치구이,비엔나감자볶음,석식,찌개,해산물
2018-01-23,김밥,유부장국,해물볶음우동,꽃맛살샐러드,석식,우동,해산물
2018-01-24,밥,근대국,안동찜닭,마파두부,석식,찜,조류
2018-01-25,야채볶음밥,짬뽕,수제고로케,시금치흑임자샐러드,석식,국수,기타
2018-01-26,밥,쇠고기샤브국,미트볼케찹조림,계란찜,석식,찜,육류
2018-01-29,밥,청국장찌개,류산슬,생선커틀릿*탈탈소스,석식,찌개,해산물
2018-01-30,유부초밥,새우튀김우동,시저샐러드,오꼬노미야끼,석식,우동,해산물
2018-02-01,후난식볶음밥,잔치국수,돈가스또띠아,견과류조림,석식,국,육류
2018-02-02,밥,알탕,주꾸미굴소스볶음,모듬소세지구이,석식,탕,해산물
2018-02-05,밥,참치김치찌개,꽁치오븐구이,비엔나컬리플라워볶음,석식,찌개,해산물
2018-02-06,낙지볶음덮밥,팽이장국,야채튀김,양배추샐러드,석식,국,해산물
2018-02-07,밥,시금치된장국,매운닭찜,검정콩조림,석식,찜,조류
2018-02-08,밥,옛날왕돈까스,옥수수스프,감자범벅/오이피클,석식,스프,육류
2018-02-09,밥,감자고추장찌개,유린기,느타리버섯볶음,석식,찌개,육류
2018-02-12,밥,육개장,가자미카레튀김,동그랑땡전,석식,국,해산물
2018-02-13,베이컨김치볶음밥,단호박스프,로제파스타,감자튀김/무피클,석식,스프,육류
2018-02-14,밥,쇠고기무국,고추잡채*꽃빵,계란찜,석식,찜,육류
2018-02-19,밥,콩비지찌개,명태조림,계란말이,석식,찌개,조류
2018-02-20,해물굴소스볶음밥,가쯔오장국,닭오븐구이,딸기드레싱샐러드,석식,국,조류
2018-02-21,밥,우거지해장국,고등어자반찜,궁중떡볶음,석식,찜,해산물
2018-02-23,밥,대구매운탕,돈육장조림,부추호박전,석식,탕,육류
2018-02-26,밥,쇠고기미역국,닭매운찜,두부스테이크,석식,찜,조류
2018-02-27,짜장잡채덮밥,계란국,연근/고구마튀김,씨리얼과일샐러드,석식,국,조류
2018-03-02,밥,콩나물김치국,돈육굴소스볶음,들깨버섯무침,석식,국,육류
2018-03-05,밥,콩나물국,돈육고추장볶음,단호박달걀찜,석식,찜,육류
2018-03-06,김밥,잔치국수,해물떡볶이,김말이튀김,석식,국,해산물
2018-03-07,밥,된장찌개,삼겹살구이,쫄면무침,석식,국수,육류
2018-03-08,산채비빔밥,유부장국,수제고로케,꽃맛살샐러드,석식,국,해산물
2018-03-09,밥,설렁탕,김치전,오징어젓무침,석식,탕,해산물
2018-03-12,밥,닭개장,갈치구이,비엔나볶음,석식,국,해산물
2018-03-13,김치볶음밥,어묵우동,쇠고기퀘사디아,감자만두,석식,우동,육류
2018-03-14,밥,콩비지찌개,유자청돈육볶음,옥수수전,석식,찌개,육류
2018-03-15,작은밥,바지락수제비,사천식탕수육,카레감자채볶음,석식,탕,육류
2018-03-16,밥,콩나물국,닭갈비,연두부*양념장,석식,국,육류
2018-03-19,밥,부대찌개,고등어구이,닭가슴살냉채,석식,찌개,해산물
2018-03-20,오므라이스,가쯔오장국,모둠튀김*칠리소스,멕시칸샐러드,석식,국,기타
2018-03-21,밥,연두부탕,돈육장조림,김치녹두전,석식,탕,육류
2018-03-22,빠에야,쌀국수,웨지감자,옥수수샐러드,석식,국,기타
2018-03-23,밥,버섯매운국,새우까스*탈탈소스,마파두부,석식,국,해산물
2018-03-26,밥,황태국,소고기숙주볶음,가자미양념조림,석식,국,육류
2018-03-27,김밥,나가사끼짬뽕,단무지,요플레,석식,국수,기타
2018-03-29,참치회덮밥,미소장국,봄나물튀김,해물볶음우동,석식,우동,해산물
2018-03-30,밥,시래기국,돼지갈비찜,감자전,석식,찜,육류
2018-04-02,밥,육개장,꽁치오븐구이,모둠버섯초무침,석식,국,해산물
2018-04-03,멸치주먹밥,잔치국수,훈제오리냉채,멕시칸샐러드,석식,국,조류
2018-04-04,밥,시금치된장국,동파삼겹수육,실곤약흑임자무침,석식,국,육류
2018-04-05,볶음밥&짜장소스,꼬지어묵탕,케이준치킨샐러드,단무지무침,석식,탕,조류
2018-04-06,밥,쇠고기샤브국,동태포전,꽃맛살볶음,석식,국,해산물
2018-04-09,밥,소고기매운국,굴비구이,셀프무쌈말이,석식,국,해산물
2018-04-10,베이컨김치볶음밥,새우튀김우동,찹쌀순대볶음,부추만두,석식,우동,육류
2018-04-11,밥,꽃게탕,레몬탕수육,어묵꽈리고추볶음,석식,탕,육류
2018-04-12,후난식볶음밥,도토리묵냉국,닭강정,고구마치즈구이,석식,국,조류
2018-04-13,밥,어묵국,버섯불고기,황태양념구이,석식,국,육류
2018-04-16,밥,차돌박이찌개,유린기,연근땅콩조림,석식,찌개,육류
2018-04-17,충무김밥,김치말이국수,오징어무침,미트볼조림,석식,국,해산물
2018-04-18,밥,콩비지찌개,쇠고기야채볶음,삼치구이,석식,찌개,육류
2018-04-19,참치주먹밥,로제스파게티,미소장국,돈까스또띠아,석식,국,해산물
2018-04-20,밥,소고기무국,닭갈비,옥수수전,석식,국,육류
2018-04-23,밥,청국장찌개,돼지갈비찜,해물까스*탈탈소스,석식,찜,육류
2018-04-24,하와이안필라프,쌀국수,미니햄버거,감자튀김,석식,국,육류
2018-04-26,유부초밥,우동,표고버섯탕수육,참치샐러드,석식,탕,육류
2018-04-27,쌀밥/잡곡밥,쇠고기샤브국,주꾸미떡볶음,두부카프레제,석식,국,해산물
2018-04-30,쌀밥/잡곡밥,육개장,해물누룽지탕,부추전,석식,탕,해산물
2018-05-02,쌀밥/잡곡밥,올갱이아욱국,소고기버섯볶음,깐풍연근,석식,국,육류
2018-05-03,김밥,잔치국수,해물떡볶이,만두/고구마튀김,석식,국,해산물
2018-05-04,쌀밥/잡곡밥,감자국,쇠고기장조림,비엔나케찹볶음,석식,국,육류
2018-05-08,쌀밥/잡곡밥,삼계국밥,삼치양념찜,당면계란만두,석식,국수,해산물
2018-05-09,쌀밥/잡곡밥,대구매운탕,언양식불고기,견과류조림,석식,탕,육류
2018-05-10,볶음밥*짜장소스,맑은국,사천식탕수육,하와이안샐러드,석식,탕,육류
2018-05-11,쌀밥/잡곡밥,꽃게탕,유린기,모듬묵샐러드,석식,탕,육류
2018-05-14,쌀밥/잡곡밥,닭개장,고추잡채*꽃빵,계란찜,석식,찜,조류
2018-05-15,오므라이스,가쯔오장국,생선까스*탈탈소스,망고드레싱샐러드,석식,국,해산물
2018-05-16,쌀밥/잡곡밥,고추장찌개,갈치구이,햄감자채볶음,석식,찌개,해산물
2018-05-17,멸치주먹밥,김치국수,깐풍육,꽃맛살샐러드,석식,국,육류
2018-05-18,쌀밥/잡곡밥,연두부탕,미니채소떡갈비,쫄면무침,석식,국수,육류
2018-05-21,쌀밥/잡곡밥,콩나물김치국,계란말이,깻순나물,석식,국,조류
2018-05-23,쌀밥/잡곡밥,해물된장찌개,돈육칠리강정,동태전,석식,찌개,육류
2018-05-24,토마토스파게티,완두콩스프,함박스테이크,굴소스볶음밥/샐러드,석식,스프,육류
2018-05-25,쌀밥/잡곡밥,쇠고기무국,닭겨자냉채,비엔나감자구이,석식,국,조류
2018-05-28,쌀밥/잡곡밥,고추장찌개,쇠고기숙주볶음,해물김치전,석식,찌개,육류
2018-05-29,볶음밥,짬뽕,깐풍기,양배추샐러드,석식,국수,조류
2018-05-31,충무김밥,우동,오징어초무침,핫도그,석식,우동,해산물
2018-06-01,쌀밥/잡곡밥,콩비지찌개,레몬탕수육,견과류조림,석식,탕,육류
2018-06-04,쌀밥/잡곡밥,쇠고기샤브국,가자미양념찜,꽃맛살볶음,석식,찜,해산물
2018-06-05,참치주먹밥,잔치국수,새우까스*칠리소스,과일샐러드,석식,국,해산물
2018-06-07,쌀밥/잡곡밥,조랭이떡미역국,돈육장조림,김치녹두전,석식,국,육류
2018-06-08,쌀밥/잡곡밥,얼갈이된장국,닭오븐구이,비엔나컬리플라워볶음,석식,국,조류
2018-06-11,쌀밥/잡곡밥,무채국,닭볶음탕,해물동그랑땡전,석식,탕,조류
2018-06-12,쌀밥/잡곡밥,고추장찌개,언양식불고기,날치알계란찜,석식,찜,육류
2018-06-14,산채비빔밥,유부장국,모둠튀김*초간장,콘샐러드,석식,국,기타
2018-06-15,쌀밥/잡곡밥,어묵국,돈육굴소스볶음,참치야채전,석식,국,육류
2018-06-18,쌀밥/잡곡밥,콩나물국,후르츠탕수육,해물파전,석식,탕,육류
2018-06-19,마파두부덮밥,맑은국,소고기퀘사디아,씨리얼과일샐러드,석식,국,육류
2018-06-20,쌀밥/잡곡밥,된장찌개,유린기,모둠버섯볶음,석식,찌개,육류
2018-06-21,김밥,잔치국수,떡볶이,김말이튀김,석식,국,기타
2018-06-25,쌀밥/잡곡밥,시래기국,삼겹살구이,두부양념조림,석식,국,육류
2018-06-26,유부초밥,콩국수,순대야채볶음,콥샐러드,석식,국,육류
2018-06-28,쌀밥/잡곡밥,옛날돈가스,단호박스프,샐러드파스타,석식,스프,육류
2018-06-29,쌀밥/잡곡밥,북어계란국,소고기불고기,감자채햄볶음,석식,국,육류
2018-07-02,쌀밥/잡곡밥,옹심이만두국,간장치킨,비엔나컬리플라워볶음,석식,국,조류
2018-07-03,후난식볶음밥,가쯔오장국,돈육강정,시저샐러드,석식,국,육류
2018-07-04,쌀밥/잡곡밥,들깨미역국,주꾸미볶음,두부계란부침*양념,석식,국,해산물
2018-07-05,멸치주먹밥,열무김치국수,부추만두,멕시칸샐러드,석식,국,육류
2018-07-06,쌀밥/잡곡밥,배추된장국,가자미카레튀김,꽃맛살볶음,석식,국,해산물
2018-07-09,쌀밥/잡곡밥,닭개장,갈치구이,고추잡채*꽃빵,석식,국,해산물
2018-07-10,볶음밥/짜장소스,맑은국,사천식탕수육,하와이안샐러드,석식,탕,육류
2018-07-11,쌀밥/잡곡밥,무채국,콩나물불고기,옥수수전,석식,국,육류
2018-07-12,빠에야,냉모밀국수,감자치즈구이,비빔만두,석식,국,육류
2018-07-13,쌀밥/잡곡밥,시금치국,해물누룽지탕,미트볼케찹조림,석식,탕,해산물
2018-07-16,쌀밥/잡곡밥,돈육김치찌개,꽁치오븐구이,모듬소세지구이,석식,찌개,해산물
2018-07-17,해물굴소스볶음밥,가쯔오국,로제파스타,감자튀김,석식,국,해산물
2018-07-18,쌀밥/잡곡밥,소고기미역국,오징어볶음,명란계란찜,석식,찜,해산물
2018-07-19,김밥,김치말이국수,떡볶이,찐옥수수,석식,국,기타
2018-07-20,쌀밥/잡곡밥,꽃게탕,돈육간장강정,두부구이,석식,탕,육류
2018-07-23,쌀밥/잡곡밥,매운소고기국,유산슬,비엔나야채볶음,석식,국,해산물
2018-07-24,김치볶음밥,유부장국,탄두리치킨,모듬묵샐러드,석식,국,조류
2018-07-26,멸치주먹밥,우동,표고버섯탕수육,햄치즈또띠아,석식,탕,육류
2018-07-27,쌀밥/잡곡밥,차돌박이찌개,쇠고기장조림,감자채볶음,석식,찌개,육류
2018-07-30,쌀밥/잡곡밥,호박젓국찌개,장어강정,실곤약흑임자무침,석식,찌개,해산물
2018-07-31,김밥볶음밥,꼬치어묵탕,케이준샐러드,순대볶음,석식,탕,육류
2018-08-01,쌀밥/잡곡밥,쇠고기무국,꽁치김치말이,고기전,석식,국,해산물
2018-08-02,야채주먹밥,잔치국수,훈제오리냉채,단호박범벅,석식,국,조류
2018-08-03,쌀밥/잡곡밥,콩가루배추국,언양식불고기,황태양념구이,석식,국,육류
2018-08-06,쌀밥/잡곡밥,어묵국,닭볶음탕,연두부*양념,석식,탕,조류
2018-08-07,목살필라프,미니우동,생선까스*탈탈소스,오이무침,석식,우동,해산물
2018-08-08,쌀밥/잡곡밥,육개장,고추잡채*꽃빵,계란말이,석식,국,조류
2018-08-09,쌀밥/잡곡밥,옛날돈까스,미소장국,딸기드레싱샐러드,석식,국,육류
2018-08-10,쌀밥/잡곡밥,시래기국,돈삼겹보쌈,매운어묵볶음,석식,국,육류
2018-08-13,쌀밥/잡곡밥,콩나물국,닭데리야끼구이,신김치도토리묵,석식,국,조류
2018-08-14,곤드레밥*강된장,맑은국,후르츠탕수육,오이초무침,석식,탕,육류
2018-08-16,충무김밥,콩국수,오징어초무침,홍시드레싱샐러드,석식,국,해산물
2018-08-17,쌀밥/잡곡밥,부대찌개,등갈비바베큐조림,어묵잡채,석식,찌개,육류
2018-08-20,쌀밥/잡곡밥,호박새우젓국,매운닭찜,모듬소세지,석식,찜,조류
2018-08-21,투움바스파게티,가쯔오국,함박스테이크,감자튀김,석식,국,육류
2018-08-22,쌀밥/잡곡밥,시래기국,양념갈비찜,감자채볶음,석식,찜,육류
2018-08-23,멸치주먹밥,나가사끼짬뽕,새우또띠아,꽃맛살샐러드,석식,국수,해산물
2018-08-24,쌀밥/잡곡밥,어묵국,오징어볶음,비엔나케찹볶음,석식,국,해산물
2018-08-27,쌀밥/잡곡밥,차돌박이찌개,코다리조림,해물김치전,석식,찌개,해산물
2018-08-28,볶음밥*짜장소스,맑은국,깐풍기,감자치즈구이,석식,국,조류
2018-08-30,오므라이스,미역장국,모듬튀김*칠리소스,멕시칸샐러드,석식,국,기타
2018-08-31,쌀밥/잡곡밥,황태국,유자청제육볶음,해파리냉채,석식,국,육류
2018-09-03,쌀밥/잡곡밥,돈육김치찌개,유산슬,계란찜,석식,찜,해산물
2018-09-04,닭갈비볶음밥,가쯔오장국,크림카레우동,왕만두,석식,우동,육류
2018-09-05,쌀밥/잡곡밥,육개장,고등어구이,훈제오리냉채,석식,국,해산물
2018-09-06,꼬마김밥*겨자장,잔치국수,돈육강정,키위드레싱샐러드,석식,국,육류
2018-09-07,쌀밥/잡곡밥,콩비지찌개,생선까스*칠리소스,두부양념조림,석식,찌개,해산물
2018-09-10,쌀밥/잡곡밥,청국장찌개,가자미튀김,돈육잡채,석식,찌개,해산물
2018-09-11,김밥,김치말이국수,떡볶이,찐옥수수,석식,국,기타
2018-09-12,쌀밥/잡곡밥,매운쇠고기국,유린기,어묵무침,석식,국,육류
2018-09-13,쌀밥/잡곡밥,크림스프,수제돈까스*칠리소스,푸실리샐러드,석식,스프,육류
2018-09-14,쌀밥/잡곡밥,도토리묵냉국,해물누룽지탕,동그랑땡전,석식,탕,해산물
2018-09-17,쌀밥/잡곡밥,들깨버섯국,오징어볶음,단호박계란찜,석식,찜,해산물
2018-09-18,유부초밥,우동,순대야채볶음,참치샐러드,석식,우동,육류
2018-09-20,김치볶음밥/계란,유부주머니국,해물까스*탈탈소스,단호박범벅,석식,국,해산물
2018-09-21,쌀밥/잡곡밥,시금치된장국,미니채소떡갈비,흑임자곤약샐러드,석식,국,육류
2018-10-08,쌀밥/잡곡밥,참치김치찌개,안동찜닭,고추잡채*꽃빵,석식,찜,조류
2018-10-10,쌀밥/잡곡밥,쇠고기샤브국,가자미양념찜,꽃맛살볶음,석식,찜,해산물
2018-10-11,김치주먹밥,우동,타코야끼,콥샐러드,석식,우동,기타
2018-10-12,쌀밥/잡곡밥,호박젓국찌개,장어강정,실곤약흑임자무침,석식,찌개,해산물
2018-10-15,쌀밥/잡곡밥,동태찌개,쇠고기장조림,계란말이,석식,찌개,육류
2018-10-16,해물굴소스볶음밥,가쯔오장국,닭오븐구이,딸기드레싱샐러드,석식,국,조류
2018-10-17,쌀밥/잡곡밥,차돌박이된장찌개,꽁치구이,미트볼조림,석식,찌개,해산물
2018-10-18,유부초밥,짬뽕,탕수육,생과일플레인샐러드,석식,탕,육류
2018-10-19,쌀밥/잡곡밥,닭곰탕,류산슬,비엔나감자구이,석식,탕,해산물
2018-10-22,쌀밥/잡곡밥,옹심이만두국,코다리조림,꽃맛살볶음,석식,국,해산물
2018-10-23,볶음밥*짜장소스,맑은국,탕수어,감자범벅,석식,탕,해산물
2018-10-24,쌀밥/잡곡밥,대구찌개,언양식불고기,멸치아몬드볶음,석식,찌개,육류
2018-10-25,야채주먹밥,김치우동,깐풍기,멕시칸샐러드,석식,우동,조류
2018-10-26,쌀밥/잡곡밥,육개장,가자미카레튀김,메추리알조림,석식,국,해산물
2018-10-29,쌀밥/잡곡밥,해물된장찌개,짬뽕불고기,도토리묵무침,석식,국수,육류
2018-10-30,쌀밥/잡곡밥,부대찌개,갈치구이,버섯잡채,석식,찌개,해산물
2018-11-01,목살필라프,가쯔오장국,로제스파게티,웨지감자,석식,국,해산물
2018-11-02,쌀밥/잡곡밥,순두부찌개,해물누룽지탕,계란말이,석식,탕,해산물
2018-11-05,쌀밥/잡곡밥,감자국,돈육간장불고기,쫄면무침,석식,국수,육류
2018-11-06,참치회덮밥,미소장국,쇠고기퀘사디아,과일샐러드,석식,국,육류
2018-11-07,쌀밥/잡곡밥,된장찌개,해물청경채볶음,두부커틀릿,석식,찌개,해산물
2018-11-08,쌀밥/잡곡밥,뼈감자탕,해물까스*탈탈소스,풍기샐러드,석식,탕,해산물
2018-11-09,쌀밥/잡곡밥,콩비지찌개,쇠고기장조림,메밀전병만두,석식,찌개,육류
2018-11-12,쌀밥/잡곡밥,차돌박이찌개,유린기,마파두부,석식,찌개,육류
2018-11-13,통새우김밥,미니짬뽕,고구마그라탕,키위드레싱샐러드,석식,탕,해산물
2018-11-14,쌀밥/잡곡밥,시금치된장국,매운돼지갈비찜,옥수수계란찜,석식,찜,육류
2018-11-15,볶음밥*짜장소스,유부장국,닭오븐구이,멕시칸샐러드,석식,국,조류
2018-11-16,쌀밥/잡곡밥,콩가루배추국,미트볼케찹조림,황태양념구이,석식,국,육류
2018-11-19,쌀밥/잡곡밥,닭개장,코다리양념조림,모듬소세지구이,석식,국,해산물
2018-11-20,김치볶음밥/계란,가쯔오장국,탄두리치킨,콥샐러드,석식,국,조류
2018-11-21,쌀밥/잡곡밥,열무된장국,삼겹살구이,감자채볶음,석식,국,육류
2018-11-22,멸치주먹밥,해물수제비,양장피잡채,부추만두,석식,국,해산물
2018-11-23,쌀밥/잡곡밥,고추장찌개,돈육장조림,김치전,석식,찌개,육류
2018-11-26,쌀밥/잡곡밥,부대찌개,굴비구이,우엉잡채,석식,찌개,해산물
2018-11-27,참치주먹밥,잔치국수,돈육강정,시금치흑임자샐러드,석식,국,육류
2018-11-29,쌀밥/잡곡밥,연두부탕,미니함박조림,해파리겨자채,석식,탕,육류
2018-11-30,쌀밥/잡곡밥,어묵국,깐풍기,새송이버섯전,석식,국,조류
2018-12-03,쌀밥/잡곡밥,된장찌개,돈육간장불고기,해물파전,석식,찌개,육류
2018-12-04,토마토스파게티,옥수수스프,굴소스볶음밥,쇠고기퀘사디아,석식,스프,해산물
2018-12-05,쌀밥/잡곡밥,육개장,삼치구이,모듬소세지볶음,석식,국,해산물
2018-12-06,빠에야,쌀국수,웨지감자,하와이안샐러드,석식,국,기타
2018-12-07,쌀밥/잡곡밥,쇠고기샤브국,오징어볶음,두부계란부침,석식,국,해산물
2018-12-10,쌀밥/잡곡밥,순두부찌개,미트볼케찹조림,돈육잡채,석식,찌개,육류
2018-12-11,생선초밥,우동,떡볶이,과일샐러드,석식,우동,해산물
2018-12-12,쌀밥/잡곡밥,오징어국,양념치킨,오꼬노미야끼계란말이,석식,국,조류
2018-12-13,짜장밥,계란국,사천식탕수육,부추만두,석식,탕,육류
2018-12-14,쌀밥/잡곡밥,김치찌개,안동찜닭,새송이고추장구이,석식,찜,조류
2018-12-17,쌀밥/잡곡밥,된장찌개,주꾸미볶음,비엔나감자볶음,석식,찌개,해산물
2018-12-18,충무김밥,김치말이국수,오징어초무침,꽃맛살샐러드,석식,국,해산물
2018-12-19,쌀밥/잡곡밥,콩비지찌개,고등어구이,닭살겨자냉채,석식,찌개,해산물
2018-12-20,쌀밥/잡곡밥,옛날돈까스,크림스프,감자범벅/양배추샐러드,석식,스프,육류
2018-12-21,쌀밥/잡곡밥,쇠고기미역국,생선까스*탈탈소스,마파두부,석식,국,해산물
2018-12-24,쌀밥/잡곡밥,민물새우찌개,닭갈비,버섯잡채,석식,찌개,육류
2018-12-27,김밥볶음밥,짬뽕,깐풍기,키위드레싱샐러드,석식,국수,조류
2018-12-28,쌀밥/잡곡밥,육개장,코다리조림,꽃맛살볶음,석식,국,해산물
2018-12-31,쌀밥/잡곡밥,들깨시래기국,훈제오리볶음,계란찜,석식,찜,조류
2019-01-02,쌀밥/잡곡밥,부대찌개,마늘간장치킨,두부양념조림,석식,찌개,조류
2019-01-03,새우볶음밥,우동,깐풍육,콘샐러드,석식,우동,육류
2019-01-04,쌀밥/잡곡밥,북어계란국,미트볼떡조림,도토리묵무침,석식,국,육류
2019-01-07,쌀밥/잡곡밥,미역국,매운돼지갈비찜,연두부*양념장,석식,찜,육류
2019-01-08,멸치주먹밥,잔치국수,유린기,매쉬드포테이토,석식,국,육류
2019-01-09,쌀밥/잡곡밥,닭곰탕,오징어볶음,오꼬노미야끼계란말이,석식,탕,해산물
2019-01-10,닭갈비볶음밥,가쯔오국,크림카레우동,해물까스*칠리소스,석식,우동,육류
2019-01-11,쌀밥/잡곡밥,해물순두부찌개,닭데리야끼구이,셀프무쌈말이,석식,찌개,조류
2019-01-14,쌀밥/잡곡밥,김치찌개,굴비구이,모듬소세지볶음,석식,찌개,해산물
2019-01-15,목살필라프,팽이가쯔오장국,로제파스타,키위드레싱샐러드,석식,국,육류
2019-01-16,쌀밥/잡곡밥,된장찌개,돈육장조림,해물김치전,석식,찌개,육류
2019-01-17,오므라이스,미역장국,모듬튀김*칠리소스,멕시칸샐러드,석식,국,기타
2019-01-18,쌀밥/잡곡밥,닭개장,해물청경채볶음,버섯잡채,석식,국,해산물
2019-01-21,쌀밥/잡곡밥,차돌박이찌개,주꾸미볶음,두부새싹구이,석식,찌개,해산물
2019-01-22,참치회덮밥,미소장국,또띠아피자,과일샐러드,석식,국,해산물
2019-01-23,쌀밥/잡곡밥,아욱국,돈육강정,신김치도토리묵,석식,국,육류
2019-01-24,김치주먹밥,쌀국수,국물떡볶이,시저샐러드,석식,국,기타
2019-01-25,쌀밥/잡곡밥,콩비지찌개,닭갈비,동태전,석식,찌개,육류
2019-01-28,쌀밥/잡곡밥,배추된장국,양념갈비찜,탕평채,석식,탕,육류
2019-01-29,김밥,나가사끼짬뽕,순대야채볶음,딸기드레싱샐러드,석식,국수,육류
2019-01-31,쌀밥/잡곡밥,옛날왕돈까스,옥수수스프,감자범벅/피클,석식,스프,육류
2019-02-01,쌀밥/잡곡밥,참치김치찌개,소고기모듬장조림,셀프무쌈말이,석식,찌개,육류
2019-02-07,쌀밥/잡곡밥,연두부탕,양념치킨,견과류조림,석식,탕,조류
2019-02-08,쌀밥/잡곡밥,쇠고기국,해물누룽지탕,미트볼케찹조림,석식,탕,해산물
2019-02-11,쌀밥/잡곡밥,된장찌개,닭볶음탕,부추호박전,석식,탕,조류
2019-02-12,볶음밥*짜장소스,가쯔오장국,사천식탕수육,콘샐러드,석식,탕,육류
2019-02-13,쌀밥/잡곡밥,근대국,돈육간장볶음,마파두부,석식,국,육류
2019-02-14,참치주먹밥,우동,케이준샐러드,또띠아견과칩,석식,우동,해산물
2019-02-15,쌀밥/잡곡밥,육개장,탕수어,우엉잡채,석식,탕,해산물
2019-02-18,쌀밥/잡곡밥,얼갈이국,돈육굴소스볶음,홍어채무침,석식,국,육류
2019-02-19,김치볶음밥/계란,가쯔오장국,탄두리치킨,딸기드레싱샐러드,석식,국,조류
2019-02-20,쌀밥/잡곡밥,매운버섯국,가자미튀김,모듬소세지구이,석식,국,해산물
2019-02-21,목살필라프,미니잔치국수,생선까스*칠리소스,콥샐러드,석식,국,해산물
2019-02-22,쌀밥/잡곡밥,오징어국,닭갈비,동그랑땡전,석식,국,육류
2019-02-25,쌀밥/잡곡밥,콩나물국,류산슬,돈육잡채,석식,국,해산물
2019-02-26,유부초밥,짬뽕,깐풍기,생과일플레인샐러드,석식,국수,조류
2019-02-28,쌀밥/잡곡밥,소고기무국,주꾸미볶음,맛살전,석식,국,해산물
2019-03-04,쌀밥/잡곡밥,김치순두부찌개,소고기장조림,도토리묵야채무침,석식,찌개,육류
2019-03-05,김밥,미니우동,떡볶이,김말이&만두튀김,석식,우동,육류
2019-03-06,쌀밥/잡곡밥,쇠고기샤브국,오징어볶음,고구마그라탕,석식,탕,해산물
2019-03-07,볶음밥,단호박스프,로제스파게티,쇠고기퀘사디아,석식,스프,해산물
2019-03-08,쌀밥/잡곡밥,시금치국,수원왕갈비통닭,오꼬노미야끼계란말이,석식,국,육류
2019-03-11,쌀밥/잡곡밥,된장찌개,유자청제육볶음,두부구이*양념장,석식,찌개,육류
2019-03-12,오므라이스,미소장국,모듬튀김*칠리소스,멕시칸샐러드,석식,국,기타
2019-03-13,쌀밥/잡곡밥,수제비국,순살파닭,꽃맛살볶음,석식,국,조류
2019-03-14,쌀밥/옛날돈까스,양송이스프,딸기드레싱샐러드,감자범벅,석식,스프,육류
2019-03-15,쌀밥/잡곡밥,달래된장국,레몬탕수육,우엉잡채,석식,탕,육류
2019-03-18,쌀밥/잡곡밥,배추된장국,닭갈비,메추리알곤약조림,석식,국,육류
2019-03-19,꼬마김밥*겨자장,김치우동,해물까스/케찹,시금치흑임자샐러드,석식,우동,해산물
2019-03-20,쌀밥/잡곡밥,닭개장,고등어구이,훈제오리냉채,석식,국,해산물
2019-03-21,빠에야,쌀국수,수제고로케,과일샐러드,석식,국,기타
2019-03-22,쌀밥/잡곡밥,참치김치찌개,언양식불고기,해파리냉채,석식,찌개,육류
2019-03-25,쌀밥/잡곡밥,시래기국,삼겹살구이,감자채볶음,석식,국,육류
2019-03-26,잡채밥&짜장소스,맑은국,간장치킨,떡꼬지,석식,국,조류
2019-03-28,충무김밥,우동,오징어초무침,모짜렐라핫도그,석식,우동,해산물
2019-03-29,쌀밥/잡곡밥,쇠고기샤브국,깐풍기,동그랑땡전,석식,국,조류
2019-04-01,쌀밥/잡곡밥,감자국,새송이너비아니구이,가자미양념찜,석식,찜,육류
2019-04-02,목살필라프,꼬지어묵국,탕수육,콥샐러드,석식,탕,육류
2019-04-03,쌀밥/잡곡밥,부대찌개,돈육장조림,어묵잡채,석식,찌개,육류
2019-04-04,쌀밥/잡곡밥,뼈감자탕,해물까스*와사비소스,단호박*팥찜,석식,찜,해산물
2019-04-05,쌀밥/잡곡밥,청국장찌개,류산슬,치즈함박스테이크,석식,찌개,해산물
2019-04-08,쌀밥/잡곡밥,김치두부국,닭갈비,해물파전,석식,국,육류
2019-04-09,참치회덮밥,미소장국,또띠아피자,꽃맛살샐러드,석식,국,해산물
2019-04-10,쌀밥/잡곡밥,육개장,꽁치구이*와사비장,비엔나케찹볶음,석식,국,해산물
2019-04-11,베이컨김치볶음밥,새우튀김우동,찐만두,키위드레싱샐러드,석식,우동,육류
2019-04-12,쌀밥/잡곡밥,배추된장국,돈육강정,계란말이,석식,국,육류
2019-04-15,쌀밥/잡곡밥,차돌박이찌개,가자미카레튀김,마파두부,석식,찌개,해산물
2019-04-17,쌀밥/잡곡밥,콩비지찌개,간장마늘치킨,브로컬리맛살볶음,석식,찌개,조류
2019-04-18,김밥볶음밥,짬뽕,크림새우,딸기드레싱샐러드,석식,국수,해산물
2019-04-19,쌀밥/잡곡밥,고추장찌개,돈육굴소스볶음,동그랑땡전,석식,찌개,육류
2019-04-22,쌀밥/잡곡밥,콩가루배추국,닭데리야끼조림,탕수만두,석식,탕,조류
2019-04-23,쌀밥/잡곡밥,수제비국,고등어구이,고추잡채*꽃빵,석식,국,해산물
2019-04-25,파인애플볶음밥,유부주머니국,새우까스*와사비소스,콘치즈오븐구이,석식,국,해산물
2019-04-26,쌀밥/잡곡밥,시금치국,유린기,감자채볶음,석식,국,육류
2019-04-29,쌀밥/잡곡밥,매운소고기무국,삼치구이,돈육잡채,석식,국,해산물
2019-04-30,김밥,잔치국수,야채튀김,바나나,석식,국,기타
2019-05-02,삼겹살볶음밥,미소장국,볶음우동,쫑상추무침,석식,우동,육류
2019-05-03,쌀밥/잡곡밥,황태국,돈육피망볶음,두부계란부침,석식,국,육류
2019-05-07,쌀밥/잡곡밥,콩나물국,닭갈비,동그랑땡전,석식,국,육류
2019-05-08,쌀밥/잡곡밥,육개장,굴비구이,모듬소세지구이,석식,국,해산물
2019-05-09,잡채밥/짜장소스,맑은국,소고기퀘사디아,씨리얼과일샐러드,석식,국,육류
2019-05-10,쌀밥/잡곡밥,열무된장국,레몬탕수육,해물파전,석식,탕,육류
2019-05-13,쌀밥/잡곡밥,부대찌개,고등어자반찜,메밀전병만두,석식,찜,해산물
2019-05-14,멸치주먹밥,김치우동,고구마치즈구이,모듬튀김,석식,우동,기타
2019-05-15,쌀밥/잡곡밥,시래기국,버섯불고기,매운어묵볶음,석식,국,육류
2019-05-16,닭갈비볶음밥,쌀국수,해물까스*와사비소스,핫도그,석식,국,해산물
2019-05-17,쌀밥/잡곡밥,닭개장,미니함박조림,브로컬리오징어숙회,석식,국,육류
2019-05-20,쌀밥/잡곡밥,떡국,고추잡채*꽃빵,통도라지구이,석식,국,기타
2019-05-21,충무김밥,미니국수,오징어초무침,꽃맛살샐러드,석식,국,해산물
2019-05-22,쌀밥/잡곡밥,버섯들깨탕,과일탕수육,감자비엔나볶음,석식,탕,육류
2019-05-23,해물굴소스볶음밥,스프,토마토스파게티,감자튀김*케찹,석식,스프,해산물
2019-05-24,쌀밥/잡곡밥,고추장찌개,두부커틀릿,해물누룽지탕,석식,탕,해산물
2019-05-27,쌀밥/잡곡밥,두부김치국,소고기장조림,양장피잡채,석식,국,육류
2019-05-28,유부초밥,가쯔오장국,야채쫄면,생선까스*칠리소스,석식,국수,해산물
2019-05-30,쇠고기숙주규동덮밥,미소장국,파스타샐러드,치킨퀘사디야,석식,국,육류
2019-05-31,쌀밥/잡곡밥,무청된장국,닭갈비,숙주미나리잡채,석식,국,육류
2019-06-03,쌀밥/잡곡밥,순두부찌개,삼치튀김*데리소스,꽃맛살볶음,석식,찌개,해산물
2019-06-04,참치주먹밥,우동,닭오븐구이,딸기드레싱샐러드,석식,우동,조류
2019-06-05,쌀밥/잡곡밥,된장찌개,동파삼겹수육,감자채볶음,석식,찌개,육류
2019-06-07,쌀밥/잡곡밥,두부김치국,닭강정,새송이버섯전,석식,국,조류
2019-06-10,쌀밥/잡곡밥,얼갈이된장국,삼겹살구이,어묵꽈리고추볶음,석식,국,육류
2019-06-11,김밥볶음밥,초계국수,떡볶이,멕시칸샐러드,석식,국,기타
2019-06-12,쌀밥/잡곡밥,매운버섯국,갈치구이,비엔나볶음,석식,국,해산물
2019-06-13,오므라이스,가쯔오장국,훈제오리냉채,만두튀김,석식,국,조류
2019-06-14,쌀밥/잡곡밥,동태탕,미트볼케찹조림,새싹두부구이,석식,탕,육류
2019-06-17,쌀밥/잡곡밥,콩나물김치국,류산슬,모듬소세지구이,석식,국,해산물
2019-06-18,베이컨볶음밥,유부장국,토마토스파게티,해물까스*칠리소스,석식,국,해산물
2019-06-19,쌀밥/잡곡밥,된장찌개,닭갈비,옥수수전,석식,찌개,육류
2019-06-20,쌀밥/잡곡밥,뼈감자탕,유린기,궁중떡볶음,석식,탕,육류
2019-06-21,쌀밥/잡곡밥,쇠고기샤브국,미니야채떡갈비,어묵피망볶음,석식,국,육류
2019-06-24,쌀밥/잡곡밥,소고기매운무국,오징어굴소스볶음,모둠버섯구이,석식,국,해산물
2019-06-25,중국식볶음밥,짬뽕,고추잡채*꽃빵,과일샐러드,석식,국수,기타
2019-06-27,빠에야,올챙이만두국,소고기퀘사디아,하와이안샐러드,석식,국,육류
2019-06-28,쌀밥/잡곡밥,아욱국,돈육강정,고기전,석식,국,육류
2019-07-01,쌀밥/잡곡밥,차돌된장찌개,고등어구이,메추리알조림,석식,찌개,해산물
2019-07-02,꼬마김밥*겨자장,우동,생선까스*탈탈소스,멕시칸샐러드,석식,우동,해산물
2019-07-03,쌀밥/잡곡밥,근대국,돈육간장볶음,두부구이*양념장,석식,국,육류
2019-07-04,베이컨김치볶음밥,냉모밀국수,해물부추전,만두찜,석식,찜,해산물
2019-07-05,쌀밥/잡곡밥,배추된장국,레몬탕수육,실곤약흑임자무침,석식,탕,육류
2019-07-08,쌀밥/잡곡밥,콩나물국,해물누룽지탕,모듬소시지구이,석식,탕,해산물
2019-07-09,멸치주먹밥,잔치국수,케이준샐러드,단호박범벅,석식,국,기타
2019-07-10,쌀밥/잡곡밥,육개장,가자미튀김,계란말이,석식,국,해산물
2019-07-11,쌀밥/잡곡밥,들깨미역국,언양식불고기,오징어초무침,석식,국,육류
2019-07-12,쌀밥/잡곡밥,된장찌개,소고기장조림,비엔나케찹볶음,석식,찌개,육류
2019-07-15,쌀밥/잡곡밥,시래기들개탕,오징어볶음*소면,고기전,석식,국수,해산물
2019-07-16,유부초밥,콩국수,떡볶이,군만두,석식,국,육류
2019-07-17,쌀밥/잡곡밥,두부김치국,돼지고기장조림,야채계란찜,석식,찜,육류
2019-07-18,쌀밥/잡곡밥,브로컬리크림스프,옛날왕돈가스,키위드레싱샐러드,석식,스프,육류
2019-07-19,쌀밥/잡곡밥,꽃게탕,안동찜닭,해물겨자냉채,석식,찜,조류
2019-07-22,쌀밥/잡곡밥,얼갈이국,오리불고기,두부구이,석식,국,육류
2019-07-23,김밥,맑은국,해물볶음우동,나초콥샐러드,석식,우동,해산물
2019-07-24,쌀밥/잡곡밥,된장찌개,대패삼겹*파채,새송이버섯전,석식,찌개,육류
2019-07-25,파인애플볶음밥,유부주머니국,사천식탕수육,콘치즈오븐구이,석식,탕,육류
2019-07-26,쌀밥/잡곡밥,맑은연두부탕,돈육매콤조림,토마토시금치달걀볶음,석식,탕,육류
2019-07-29,쌀밥/잡곡밥,무채국,버섯불고기,닭살겨자냉채,석식,국,육류
2019-07-30,김치볶음밥,유부장국,탄두리치킨,꽃맛살샐러드,석식,국,조류
2019-08-01,참치주먹밥,열무물국수,돈육강정,시저샐러드,석식,국,육류
2019-08-02,쌀밥/잡곡밥,매운버섯국,고등어구이,두부스테이크,석식,국,해산물
2019-08-05,쌀밥/잡곡밥,육개장,꽁치오븐구이,마파두부,석식,국,해산물
2019-08-06,해물굴소스볶음밥,미소장국,로제파스타,양배추샐러드,석식,국,해산물
2019-08-07,쌀밥/잡곡밥,콩가루배추국,돈육장조림,콩나물겨자채,석식,국,육류
2019-08-08,야채볶음밥,김치말이국수,닭오븐구이,키위드레싱샐러드,석식,국,조류
2019-08-09,쌀밥/잡곡밥,얼갈이국,등뼈김치찜,두부구이,석식,찜,육류
2019-08-12,쌀밥/잡곡밥,북어해장국,양념치킨,오징어야채무침,석식,국,조류
2019-08-13,제육김치덮밥,유부장국,까르보나라떡볶이,김말이강정,석식,국,육류
2019-08-14,쌀밥/잡곡밥,사과오이냉국,오징어볶음*소면,생선가스,석식,국수,해산물
2019-08-16,쌀밥/잡곡밥,해물짬뽕국,돈육굴소스볶음,쇠고기두부찜,석식,찜,육류
2019-08-19,쌀밥/잡곡밥,콩나물김치국,안동찜닭,셀프무쌈말이,석식,찜,조류
2019-08-20,유부초밥,냉모밀국수,해물까스*칠리소스,콥샐러드,석식,국,해산물
2019-08-21,쌀밥/잡곡밥,북어해장국,소고기낙지볶음,녹두전,석식,국,육류
2019-08-22,목살필라프,꼬지어묵국,탕수육,과일요거트샐러드,석식,탕,육류
2019-08-23,쌀밥/잡곡밥,건새우아욱된장국,동파삼겹수육,감자채볶음,석식,국,육류
2019-08-26,쌀밥/잡곡밥,매운버섯국,돈육간장볶음,계란찜,석식,찜,육류
2019-08-27,베이컨김치볶음밥,새우튀김우동,찹쌀순대볶음,부추만두,석식,우동,육류
2019-08-29,오므라이스,가쯔오장국,소고기퀘사디아,멕시칸샐러드,석식,국,육류
2019-08-30,쌀밥/잡곡밥,들깨버섯국,마늘치킨,동그랑땡전,석식,국,조류
2019-09-02,쌀밥/잡곡밥,콩나물국,파닭,두부계란부침,석식,국,조류
2019-09-03,빠에야,쌀국수,치킨샐러드,고구마맛탕,석식,탕,조류
2019-09-04,쌀밥/잡곡밥,참치김치찌개,돈육강정,계란찜,석식,찜,육류
2019-09-05,김밥,김치어묵국,야채튀김,미니햄버거,석식,국,육류
2019-09-06,쌀밥/잡곡밥,고추장찌개,소고기숙주볶음,맛살냉채,석식,찌개,육류
2019-09-09,쌀밥/잡곡밥,황태해장국,닭갈비,두부구이*양념장,석식,국,육류
2019-09-10,김치필라프,크림스프,토마토스파게티,시리얼과일샐러드,석식,스프,해산물
2019-09-11,쌀밥/잡곡밥,해물된장찌개,고추잡채*꽃빵,명태조림,석식,찌개,해산물
2019-09-16,쌀밥/잡곡밥,참치김치찌개,치즈함박스테이크,새송이버섯전,석식,찌개,육류
2019-09-17,참치덮밥,미소장국,또띠아피자,모둠과일,석식,국,해산물
2019-09-18,쌀밥/잡곡밥,수제비국,쇠고기숙주볶음,두부매콤조림,석식,국,육류
2019-09-19,쌀밥/잡곡밥,설렁탕,김치전,오징어젓무침,석식,탕,해산물
2019-09-20,쌀밥/잡곡밥,얼큰소고기무국,안동찜닭,탕평채,석식,탕,조류
2019-09-23,쌀밥/잡곡밥,육개장,고등어구이,모듬소세지볶음,석식,국,해산물
2019-09-24,쌀밥/잡곡밥,무채국,닭볶음탕,메밀전병만두,석식,탕,조류
2019-09-26,볶음밥/짜장소스,계란국,깐풍기,시저샐러드,석식,국,조류
2019-09-27,쌀밥/잡곡밥,아욱국,돈육간장볶음,닭살겨자채,석식,국,육류
2019-09-30,쌀밥/잡곡밥,버섯들깨탕,오징어볶음,고기전,석식,탕,해산물
2019-10-02,쌀밥/잡곡밥,열무된장국,쇠고기장조림,마파두부,석식,국,육류
2019-10-04,쌀밥/잡곡밥,순두부찌개,함박스테이크,계란찜,석식,찜,육류
2019-10-07,쌀밥/잡곡밥,닭개장,갈치구이,비엔나케찹볶음,석식,국,해산물
2019-10-08,김치볶음밥,새우튀김우동,고구마치즈구이,홍시드레싱샐러드,석식,우동,해산물
2019-10-10,참치주먹밥,잔치국수,쇠고기퀘사디아,꽃맛살샐러드,석식,국,육류
2019-10-11,쌀밥/잡곡밥,쇠고기샤브국,탕수어,견과류조림,석식,탕,해산물
2019-10-14,쌀밥/잡곡밥,참치김치찌개,주꾸미볶음,계란말이,석식,찌개,해산물
2019-10-15,야채볶음밥,유부주머니국,통새우또띠아,야채쫄면무침,석식,국수,해산물
2019-10-16,쌀밥/잡곡밥,된장찌개,꽁치구이,모듬소세지구이,석식,찌개,해산물
2019-10-17,쌀밥,떡만두국,닭매운찜,김치전,석식,찜,조류
2019-10-18,쌀밥/잡곡밥,부대찌개,후르츠탕수육,오징어초무침,석식,탕,육류
2019-10-21,쌀밥/잡곡밥,어묵국,언양식불고기,맛살냉채,석식,국,육류
2019-10-22,김밥,잔치국수,떡볶이,김말이튀김,석식,국,기타
2019-10-23,쌀밥/잡곡밥,열무된장국,소고기버섯볶음,부추호박전,석식,국,육류
2019-10-24,해물굴소스볶음밥,맑은국,돈육간장강정,흑임자시금치샐러드,석식,국,육류
2019-10-25,쌀밥/잡곡밥,차돌박이찌개,류산슬,비엔나감자조림,석식,찌개,해산물
2019-10-28,쌀밥/잡곡밥,짬뽕국,가자미카레튀김,고기전,석식,국,해산물
2019-10-29,오므라이스,미니우동,닭오븐구이,고구마튀김,석식,우동,조류
2019-10-31,참치회덮밥,미소장국,또띠아피자,꽃맛살샐러드,석식,국,해산물
2019-11-01,쌀밥/잡곡밥,떡국,돈육장조림,해물김치전,석식,국,육류
2019-11-04,쌀밥/잡곡밥,열무된장국,함박스테이크,닭살겨자냉채,석식,국,육류
2019-11-05,멸치주먹밥,해물수제비,야채튀김,오징어숙회무침,석식,국,해산물
2019-11-06,쌀밥/잡곡밥,닭개장,황태양념구이,고추잡채*꽃빵,석식,국,해산물
2019-11-07,목살필라프,계란국,로제파스타,양배추샐러드,석식,국,조류
2019-11-08,쌀밥/잡곡밥,들깨시래기국,대패삼겹*파채,두부양념조림,석식,국,육류
2019-11-11,쌀밥/잡곡밥,얼갈이국,훈제오리불고기,두부구이,석식,국,육류
2019-11-12,유부초밥,쌀국수,쇠고기퀘사디아,단무지,석식,국,육류
2019-11-13,쌀밥/잡곡밥,해물순두부찌개,등갈비바베큐조림,고등어구이,석식,찌개,육류
2019-11-14,쌀밥/잡곡밥,설렁탕,부추전,오징어젓무침,석식,탕,해산물
2019-11-15,쌀밥/잡곡밥,부대찌개,소불고기,새송이버섯볶음,석식,찌개,육류
2019-11-18,쌀밥/잡곡밥,열무된장국,짬뽕불고기,버섯들깨나물,석식,국수,육류
2019-11-19,통새우김밥,우동,찹쌀순대볶음,딸기드레싱샐러드,석식,우동,육류
2019-11-20,쌀밥/잡곡밥,얼갈이된장국,삼겹살구이,어묵꽈리고추볶음,석식,국,육류
2019-11-21,쌀밥/잡곡밥,뼈감자탕,유린기,궁중떡볶음,석식,탕,육류
2019-11-22,쌀밥/잡곡밥,쇠고기샤브국,미트볼조림,맛살전,석식,국,육류
2019-11-25,쌀밥/잡곡밥,미역국,삼겹보쌈,김치전,석식,국,육류
2019-11-26,닭갈비볶음밥,가쯔오장국,크림카레우동,수제고로케,석식,우동,육류
2019-11-28,참치주먹밥,잔치국수,오징어튀김,과일샐러드,석식,국,해산물
2019-11-29,쌀밥/잡곡밥,소고기무국,굴비구이,비엔나케찹볶음,석식,국,해산물
2019-12-02,쌀밥/잡곡밥,옹심이만두국,오징어볶음,두부계란부침,석식,국,해산물
2019-12-03,짜장면/작은밥,계란국,미니햄버거,고구마맛탕,석식,탕,육류
2019-12-04,쌀밥/잡곡밥,매운버섯국,돈육강정,물파래전,석식,국,육류
2019-12-05,꼬마김밥*겨자장,우동,케이준샐러드,단호박범벅,석식,우동,기타
2019-12-06,쌀밥/잡곡밥,연두부탕,함박스테이크,실곤약초무침,석식,탕,육류
2019-12-09,쌀밥/잡곡밥,감자국,닭데리야끼조림,매운어묵볶음,석식,국,조류
2019-12-10,참치마요덮밥,꼬지어묵탕,해물떡볶이,키위드레싱샐러드,석식,탕,해산물
2019-12-11,쌀밥/잡곡밥,북어계란국,버섯불고기,주꾸미초무침,석식,국,육류
2019-12-12,새우볶음밥,맑은국,깐풍육,또띠아피자,석식,국,육류
2019-12-13,쌀밥/잡곡밥,고추장찌개,미니떡갈비조림,해물동그랑땡,석식,찌개,육류
2019-12-16,쌀밥/잡곡밥,황태국,양념치킨,계란말이,석식,국,조류
2019-12-17,야채주먹밥,잔치국수,복주머니딤섬*장,야채튀김,석식,국,기타
2019-12-18,쌀밥/잡곡밥,김치국,돈육간장볶음,브로컬리새우전,석식,국,육류
2019-12-19,쌀밥/잡곡밥,설렁탕,해물전,오징어젓무침,석식,탕,해산물
2019-12-20,쌀밥/잡곡밥,부대찌개,오징어볶음*소면,계란찜,석식,찜,해산물
2019-12-23,쌀밥/잡곡밥,닭개장,주꾸미볶음,고기전,석식,국,해산물
2019-12-24,굴소스볶음밥,토마토스파게티,크림스프,마늘빵/감자튀김,석식,스프,해산물
2019-12-26,빠에야,쌀국수,새우또띠아,양배추샐러드,석식,국,해산물
2019-12-27,쌀밥/잡곡밥,매운버섯국,굴비구이,버섯잡채,석식,국,해산물
2019-12-30,쌀밥/잡곡밥,소고기무국,고등어구이,마파두부,석식,국,해산물
2020-01-02,카레라이스,맑은국,생선까스*탈탈소스,멕시칸샐러드,석식,국,해산물
2020-01-03,쌀밥/잡곡밥,수제비국,돈육장조림,실곤약초무침,석식,국,육류
2020-01-06,쌀밥/잡곡밥,열무된장국,해물누룽지탕,모듬소시지구이,석식,탕,해산물
2020-01-07,참치주먹밥,우동,새우까스*칠리소스,고구마샐러드,석식,우동,해산물
2020-01-08,쌀밥/잡곡밥,소고기무국,주꾸미볶음,계란찜,석식,찜,해산물
2020-01-09,작은밥,옛날돈가스,양송이스프,양배추샐러드/모닝빵,석식,스프,육류
2020-01-10,쌀밥/잡곡밥,청국장찌개,소고기장조림,김치전,석식,찌개,육류
2020-01-13,쌀밥/잡곡밥,돈육김치찌개,소고기숙주볶음,계란찜,석식,찜,육류
2020-01-14,유부초밥,쌀국수,떡볶이,군만두,석식,국,육류
2020-01-15,쌀밥/잡곡밥,시금치국,돈육고추장볶음,잡채,석식,국,육류
2020-01-16,쇠고기볶음밥,팽이장국,탕수육,쫄면야채무침,석식,국수,육류
2020-01-17,쌀밥/잡곡밥,짬뽕국,미니떡갈비조림,매생이전,석식,국,육류
2020-01-20,쌀밥/잡곡밥,만두국,간장불고기,옥수수전,석식,국,육류
2020-01-21,스팸주먹밥,해물칼국수,감자만두,딸기드레싱샐러드,석식,국,육류
2020-01-22,쌀밥/잡곡밥,된장찌개,주꾸미삼겹살볶음,셀프무쌈말이,석식,찌개,육류
2020-01-23,쌀밥/잡곡밥,뼈감자탕,해물파전,"고추,양파/쌈장",석식,탕,해산물
2020-01-28,오므라이스,미소장국,깐풍육,감자튀김,석식,국,육류
2020-01-30,참치회덮밥,우동,수제고로케,콘샐러드,석식,우동,해산물
2020-01-31,쌀밥/잡곡밥,매운콩나물국,돈육장조림,맛살전,석식,국,육류
2020-02-03,쌀밥/잡곡밥,시래기국,유린기,연두부*양념장,석식,국,육류
2020-02-04,멸치주먹밥,잔치국수,해물까스,매쉬드포테이토,석식,국,해산물
2020-02-05,쌀밥/잡곡밥,닭곰탕,오징어볶음,오꼬노미야끼계란말이,석식,탕,해산물
2020-02-06,카레덮밥,맑은국,쫄면야채무침,야채튀김,석식,국수,기타
2020-02-07,쌀밥/잡곡밥,콩나물국,제육볶음,동그랑땡전,석식,국,육류
2020-02-10,쌀밥/잡곡밥,들깨버섯탕,고추잡채&꽃빵,시금치프리타타,석식,탕,기타
2020-02-11,짜장잡채덮밥,계란파국,참치야채전,꽃맛살샐러드,석식,국,해산물
2020-02-12,쌀밥/잡곡밥,육개장,류산슬,연근튀김*칠리소스,석식,국,해산물
2020-02-13,쌀밥/잡곡밥,설렁탕,부추전,오징어젓무침,석식,탕,해산물
2020-02-14,쌀밥/잡곡밥,김치찌개,수제돈가스&소스,맛살냉채,석식,찌개,육류
2020-02-17,쌀밥/잡곡밥,대구탕,안동찜닭,해물김치전,석식,찜,조류
2020-02-18,통새우김밥,우동,계란떡볶이,키위드레싱샐러드,석식,우동,조류
2020-02-19,쌀밥/잡곡밥,순두부찌개,해물누룽지탕,닭가슴살냉채,석식,탕,해산물
2020-02-20,파인애플볶음밥,맑은국,새우까스*와사비소스,메추리알조림,석식,국,해산물
2020-02-21,쌀밥/잡곡밥,닭개장,고등어구이,두부스테이크,석식,국,해산물
2020-02-24,쌀밥/잡곡밥,소고기무국,가자미카레튀김,비엔나케찹볶음,석식,국,해산물
2020-02-25,야채볶음밥,김치말이국수,소고기퀘사디아,멕시칸샐러드,석식,국,육류
2020-02-27,짜장면/작은밥,계란국,사천식탕수육,개성감자만두,석식,탕,육류
2020-02-28,쌀밥/잡곡밥,콩나물국,돼지갈비찜,옥수수전,석식,찜,육류
2020-03-02,쌀밥/잡곡밥,쑥된장국,삼겹살구이,어묵볶음,석식,국,육류
2020-03-03,김치볶음밥,유부장국,로제스파게티,콥샐러드,석식,국,해산물
2020-03-04,쌀밥/잡곡밥,해물된장찌개,미니채소떡갈비,시금치프리타타,석식,찌개,육류
2020-03-05,유부초밥,칼국수,순대야채볶음,야채튀김,석식,국,육류
2020-03-06,쌀밥/잡곡밥,나가사키짬뽕국,모듬버섯탕수육,두부조림,석식,탕,육류
2020-03-09,쌀밥/잡곡밥,콩가루배추국,동파육,두부새싹구이,석식,국,육류
2020-03-10,유산슬덮밥,계란파국,멘보샤*칠리S,짜샤이볶음,석식,국,조류
2020-03-11,쌀밥/잡곡밥,부대찌개,등갈비오븐구이,쫄면비빔만두,석식,국수,육류
2020-03-12,버섯영양밥*우렁양념장,물만두국,메추리알치즈떡볶이,건파래볶음,석식,국,조류
2020-03-13,쌀밥/잡곡밥,청국장찌개,닭불고기,해물동그랑땡전,석식,찌개,육류
2020-03-16,쌀밥/잡곡밥,열무된장국,묵은지닭찜,수수부꾸미,석식,찜,조류
2020-03-17,쌀밥,해물손수제비,미트볼피망볶음,달래오이생채,석식,국,육류
2020-03-18,쌀밥/잡곡밥,돈육김치찌개,코다리강정,간장계란장,석식,찌개,해산물
2020-03-19,쌀밥,옛날돈까스,팽이장국,콘치즈구이,석식,국,육류
2020-03-20,쌀밥/잡곡밥,건새우아욱국,치즈함박스테이크,"쇠고기:국산,호주)",석식,국,육류
2020-03-23,쌀밥/잡곡밥,닭개장,삼치튀김*데리야끼,한식잡채,석식,국,해산물
2020-03-24,오므라이스,가쯔오장국,돈육고구마강정,과일플레인샐러드,석식,국,육류
2020-03-25,찹쌀밥,장각닭죽,생야채*쌈짱,오렌지,석식,죽,조류
2020-03-26,멸치주먹밥,우동,해물까스*와사비소스,꽃맛살샐러드,석식,우동,해산물
2020-03-27,쌀밥/잡곡밥,시금치국,언양식불고기,꽁치감자조림,석식,국,육류
2020-03-30,쌀밥/잡곡밥,무채국,더덕고추장불고기,두부카프레제샐러드,석식,국,육류
2020-03-31,충무김밥,메밀국수,오징어어묵무침,단무지,석식,국,해산물
2020-04-01,쌀밥/잡곡밥,쇠고기샤브국,통마늘너비아니조림,녹두빈대떡,석식,국,육류
2020-04-02,마늘베이컨볶음밥,크림스프,비프스파게티,사과양상추샐러드,석식,스프,해산물
2020-04-03,쌀밥/잡곡밥,참치김치찌개,소고기메추리알장조림,맛살냉채,석식,찌개,육류
2020-04-06,쌀밥/잡곡밥,배추된장국,칠리미트볼조림,김치미나리전,석식,국,육류
2020-04-07,참치마요덮밥,어묵국,고구마떡볶이,자몽샐러드,석식,국,해산물
2020-04-08,쌀밥/잡곡밥,부대찌개&쫄면사리,꽁치한마리구이,감자전,석식,찌개,해산물
2020-04-09,스팸볶음밥,가쓰오장국,삼겹살야채비빔면,옥수수볼맛탕,석식,탕,육류
2020-04-10,쌀밥/잡곡밥,된장찌개,매운돼지갈비찜,그린빈베이컨볶음,석식,찜,육류
2020-04-13,쌀밥/잡곡밥,순두부찌개,돈육두릅장조림,맛살전,석식,찌개,육류
2020-04-14,작은밥,백종원의,고추짜장,맑은국,석식,국,기타
2020-04-16,불고기필라프,미소장국,닭봉오븐구이,그린요거트샐러드,석식,국,조류
2020-04-17,쌀밥/잡곡밥,뼈없는감자탕,달래새우전,야채부케*쌈장,석식,탕,해산물
2020-04-20,쌀밥/잡곡밥,돈육김치찌개,고등어카레구이,마파두부,석식,찌개,해산물
2020-04-21,쌀밥/잡곡밥,두부미소된장국,오리훈제마늘볶음,무쌈깻잎,석식,국,조류
2020-04-22,쌀밥/잡곡밥,굴미역국,오삼불고기,"스팸,깻잎전",석식,국,육류
2020-04-23,쌀밥/잡곡밥,조갯살아욱국,함박스테이크,삼치데리야끼,석식,국,육류
2020-04-24,쌀밥/잡곡밥,나가사끼짬뽕국*라면,순대야채볶음,꼬치어묵떡볶이,석식,국,육류
2020-04-27,쌀밥/잡곡밥,감자만두국,꽃삼겹김치찜,꿔바로우탕수육*소스,석식,탕,육류
2020-04-28,쌀밥,황태미역국,매운돈갈비찜,두부/김치볶음,석식,찜,육류
2020-04-29,쌀밥/잡곡밥,홍합무우국,로제찜닭*마늘빵,계란장조림,석식,찜,조류
2020-05-04,쌀밥/잡곡밥,다슬기아욱국,갈릭파닭,돈채호박볶음,석식,국,조류
2020-05-06,땡초주먹밥,근대두부된장국,치킨텐더,루꼴라샐러드,석식,국,조류
2020-05-07,쌀밥/잡곡밥,우삼겹부대찌개,조기구이,수제어묵볶음,석식,찌개,해산물
2020-05-08,김치볶음밥,유부된장국,새우로제파스타,계란후라이,석식,국,해산물
2020-05-11,부채살오므라이스,가쓰오장국,닭윙강정튀김,새우미역초무침,석식,국,조류
2020-05-12,쌀밥/잡곡밥,전주식콩나물국,*도시락김,안동찜닭,석식,찜,조류
2020-05-13,쌀밥/잡곡밥,얼큰동태탕,물만두탕수*소스,닭가슴살장조림,석식,탕,육류
2020-05-14,쌀밥/잡곡밥,삼선짬뽕국*칼국수,춘장돈육볶음,어묵잡채볶음,석식,국,육류
2020-05-15,쌀밥/잡곡밥,계란파국,매운등뼈조림,동그랑땡전,석식,국,육류
2020-05-18,쌀밥/잡곡밥,아욱국,깐풍기,깻잎전,석식,국,조류
2020-05-19,계란김밥,모듬어묵탕,고구마맛탕,꽃맛살샐러드,석식,탕,조류
2020-05-20,쌀밥/잡곡밥,매운버섯국,고등어구이,돈육잡채,석식,국,해산물
2020-05-21,야채볶음밥,김치우동,또띠아피자,비타민흑임자샐러드,석식,우동,기타
2020-05-22,쌀밥/잡곡밥,된장찌개,고구마까스*소스,샐러리샐러드,석식,찌개,기타
2020-05-25,쌀밥/잡곡밥,소고기된장찌개,해물누룽지탕,김치고기전,석식,탕,해산물
2020-05-26,김밥볶음밥,미소장국,로제파스타,회오리감자,석식,국,조류
2020-05-27,쌀밥/잡곡밥,도토리묵냉국,돼지갈비찜,감자프리타타,석식,찜,육류
2020-05-28,쌀밥/잡곡밥,돼지국밥,고추튀김,야채스틱/부추무침,석식,국,기타
2020-05-29,쌀밥/잡곡밥,해물순두부국,닭가슴살겨자무침,메밀전병만두,석식,국,조류
2020-06-01,쌀밥/잡곡밥,청국장찌개,소고기불고기,실곤약야채무침,석식,찌개,육류
2020-06-02,유부초밥,새우튀김우동,과일샐러드,찐옥수수,석식,우동,해산물
2020-06-03,쌀밥/잡곡밥,닭곰탕,류산슬,비엔나감자구이,석식,탕,해산물
2020-06-04,쌀밥/잡곡밥,감자국,미트볼조림,브로컬리오징어숙회,석식,국,육류
2020-06-05,쌀밥/잡곡밥,오징어국,매운닭찜,도토리묵야채무침,석식,찜,조류
2020-06-08,쌀밥/잡곡밥,김치두부국,갈치튀김,햄계란말이,석식,국,해산물
2020-06-09,삼겹살마늘볶음밥,콩나물국,미니돈까스,양상추메추리알샐러드,석식,국,육류
2020-06-10,쌀밥/잡곡밥,근대국,돈육간장볶음,동태포전,석식,국,육류
2020-06-11,야채볶음밥,초계국수,코코넛새우튀김,옥수수콘치즈,석식,국,해산물
2020-06-12,쌀밥/잡곡밥,부대찌개,떡갈비조림,쫄면무침,석식,국수,육류
2020-07-01,쌀밥/잡곡밥,돈육김치찌개,깐풍기,고갈비구이,석식,찌개,조류
2020-07-02,김밥,미니우동,구슬떡볶이,"김말이,고추튀김",석식,우동,기타
2020-07-03,쌀밥/잡곡밥,김치어묵국,케이준샐러드,섭산적표고굴소스볶음,석식,국,육류
2020-07-06,쌀밥/잡곡밥,스팸김치찌개,동태포전,새송이버섯장조림,석식,찌개,해산물
2020-07-07,오므라이스,유부장국,깐쇼새우,꽃맛살샐러드,석식,국,해산물
2020-07-08,쌀밥/잡곡밥,대구지리,바베큐함박찹스테이크,건파래볶음,석식,탕,육류
2020-07-09,후리가케덮밥,잔치국수,채소튀김*장,쇠고기우엉볶음,석식,국,육류
2020-07-10,쌀밥/잡곡밥,된장찌개,아귀콩나물찜,부들어묵볶음,석식,찜,기타
2020-07-13,쌀밥/잡곡밥,뼈감자탕,쌈추전*간장,오징어땅콩조림,석식,탕,해산물
2020-07-14,쌀밥/잡곡밥,김치콩나물국,닭카레볶음,볼어묵고추장볶음,석식,국,조류
2020-07-15,쌀밥/잡곡밥,유부주머니된장국,돈육간장볶음,비빔만두,석식,국,육류
2020-07-16,쌀밥/잡곡밥,매운계란파국,오리훈제마늘볶음,코다리강정,석식,국,조류
2020-07-17,쌀밥/잡곡밥,들깨시래기국,묵은지닭찜,미역줄기볶음,석식,찜,조류
2020-07-20,채소볶음밥&자장소스,고기짬뽕국,해물누룽지,군만두*초간장,석식,국,해산물
2020-07-21,흑미밥,부대찌개,생선까스*타르타르소스,감자채파프리카볶음,석식,찌개,해산물
2020-07-22,유부초밥,우동국물,열무비빔국수,소떡소떡,석식,국,기타
2020-07-23,흑미밥,나박물김치,매운사태찜,김계란말이,석식,찜,조류
2020-07-24,흑미밥,만둣국,갈치무조림,감자전,석식,국,해산물
2020-07-27,흑미밥,청국장찌개,섭산적고추장구이,느타리버섯볶음,석식,찌개,육류
2020-07-28,우육비빔냉면,추가밥,사골파국,도넛츠/비트채소절임,석식,국,기타
2020-07-29,흑미밥,참치파개장,오징어불고기,생깻잎지,석식,국,육류
2020-07-30,타워함박스테이크,크림스프/추가밥,알리오올리오파스타,샐러드*오리엔탈D,석식,스프,육류
2020-07-31,흑미밥,짬뽕순두부찌개,꽁치양파조림,취나물볶음,석식,찌개,해산물
2020-08-03,흑미밥,꽃게탕,춘천닭갈비,탕평채,석식,탕,육류
2020-08-04,흑미밥,계란파국,고구마치즈돈까스,쫄면채소무침,석식,국수,육류
2020-08-05,오리훈제볶음밥,미소장국,샤워크림새우,두부양념조림,석식,국,해산물
2020-08-06,흑미밥,감자만두국,등심찹쌀꿔바로우,코다리무조림,석식,국,육류
2020-08-07,폭탄주먹밥,꼬치어묵국,매운떡볶이,순대찜*소금,석식,찜,육류
2020-08-10,카레라이스,우동국물,비빔채소만두,포테이토오븐구이,석식,국,육류
2020-08-11,흑미밥,아욱국,묵은지닭볶음탕,콘치즈,석식,탕,조류
2020-08-12,흑미밥,두부된장찌개,돈육고추장불고기,채소쌈*쌈장,석식,찌개,육류
2020-08-13,흑미밥,소고기무국,삼치엿장구이,감자햄조림,석식,국,해산물
2020-08-14,계란볶음밥,숙주고기짬뽕,고추잡채,연유꽃빵튀김,석식,국수,육류
2020-08-18,쇠고기규동덮밥,미소장국,숯불양념꼬치어묵,오이볶음,석식,국,육류
2020-08-19,청양멸치주먹밥,유부우동국물,비빔칼국수,새우만두*장,석식,국,육류
2020-08-20,흑미밥,오징어무국,치킨까스*소스,연근조림,석식,국,조류
2020-08-21,흑미밥,김치수제비국,갈치조림,녹두빈대떡*장,석식,국,해산물
2020-08-24,산채비빔밥,팽이장국,주꾸미볶음,고추튀김*장,석식,국,해산물
2020-08-25,흑미밥,감자고추장찌개,언양식바싹불고기,자반고등어구이,석식,찌개,육류
2020-08-26,흑미밥,냉메밀소바,돈육가지두반장볶음,새우튀김*크림소스,석식,국수,육류
2020-08-27,흑미밥,잡채말이어묵국,오리훈제마늘볶음,토마토계란찜,석식,찜,조류
2020-08-28,흑미밥,콩가루배추국,아쿠아돈까스,밀떡볶이/허니슈스트링감자,석식,국,육류
2020-08-31,흑미밥,김치두부국,제육간장불고기,감자채카레볶음,석식,국,육류
2020-09-01,흑미밥,육개장,가자미엿장구이,오꼬노미계란말이,석식,국,해산물
2020-09-02,흑미밥,미역국,닭볶음탕,돈채표고버섯볶음,석식,탕,조류
2020-09-03,흑미밥,유부주머니우동국,새우까스*소스,꽈리고추찹쌀무침,석식,국,해산물
2020-09-04,흑미밥,부대찌개,꽁치한마리구이,감자양념조림,석식,찌개,해산물
2020-09-07,흑미밥,얼큰감자국,안동찜닭,옥수수맛살전,석식,찜,조류
2020-09-08,흑미밥,열무된장국,우불고기,치커리무침,석식,국,육류
2020-09-09,흑미밥,동태매운탕,궁중떡볶이,해초레몬무침,석식,탕,육류
2020-09-10,충무김밥,우동장국,오징어무침,채소튀김*장,석식,국,해산물
2020-09-11,흑미밥,소고기무국,삼치구이,마늘쫑메추리알조림,석식,국,해산물
2020-09-14,흑미밥,미역국,오징어채소볶음,쪽파김무침,석식,국,해산물
2020-09-15,흑미밥,얼갈이된장국,닭간장볶음,라볶이,석식,국,조류
2020-09-16,흑미밥,매운닭개장,소고기계란장조림,타꼬야끼,석식,국,육류
2020-09-17,흑미밥,스팸김치찌개,수제돈까스,수제마늘바게트,석식,찌개,육류
2020-09-18,흑미밥,콩비지찌개,갈치카레구이,어묵잡채,석식,찌개,해산물
2020-09-21,흑미밥,소고기무국,스팸계란말이,풋고추양파무침,석식,국,조류
2020-09-22,흑미밥,된장찌개,우불고기,어묵볶음,석식,찌개,육류
2020-09-23,채소라면,김밥,가래떡오븐구이,꽃맛살샐러드,석식,국수,해산물
2020-09-24,흑미밥,홍합탕,건도토리묵파프리카볶음,연근깨소스무침,석식,탕,기타
2020-09-25,흑미밥,근대국,고등어김치찜,두부고기조림,석식,찜,해산물
2020-09-28,흑미밥,우거지된장국,닭볶음탕,섭산적데리야끼조림,석식,탕,조류
2020-10-05,흑미밥,된장찌개,고구마치즈구이,오이생채,석식,찌개,기타
2020-10-06,흑미밥,콩나물국,돈육김치볶음,꼬시래기무침,석식,국,육류
2020-10-07,흑미밥,매운순대국밥,고추튀김*장,채소스틱,석식,국,육류
2020-10-08,흑미밥,쇠고기무국,시래기삼치조림,계란찜,석식,찜,해산물
2020-10-12,흑미밥,유부주머니된장국,돈사태떡찜,마카로니치즈범벅,석식,찜,육류
2020-10-13,흑미밥,배추된장국,닭간장조림,미더덕콩나물찜,석식,찜,육류
2020-10-14,흑미밥,어묵매운탕,등심돈까스,꽁치한마리구이*와사비장,석식,탕,육류
2020-10-15,미역국,대패삼겹숙주볶음,연두부계란찜,상추무침,석식,찜,조류
2020-10-16,흑미밥,짬뽕국,해물볶음우동,매콤호박볶음,석식,우동,해산물
2020-10-19,흑미밥,닭개장,삼치구이*데리야끼소스,건도토리묵파프리카볶음,석식,국,해산물
2020-10-20,우거지국,김말이강정,김치전,해초무침,석식,국,기타
2020-10-21,흑미밥,고추장찌개,소불고기,진미채무말랭이무침,석식,찌개,육류
2020-10-22,흑미밥,부대찌개,샤워크림새우,두부조림,석식,찌개,해산물
2020-10-23,흑미밥,아욱국,고르곤졸라피자,참나물초장무침,석식,국,기타
2020-10-26,흑미밥,순두부찌개,제육춘장볶음,오이보트샐러드,석식,찌개,육류
2020-10-27,애플카레라이스,우동국물,숯불양념꼬치어묵,단무지양념무침,석식,국,기타
2020-10-28,흑미밥,사골옹심이만둣국,스태프핫도그,가자미양념찜,석식,찜,해산물
2020-10-29,김주먹밥,잔치국수,쇠고기육전,콩나물무침,석식,국,육류
2020-10-30,흑미밥,컵라면&찐계란,순대채소볶음,근대고추장무침,석식,국수,육류
2020-11-02,흑미밥,열무된장국,주꾸미채소볶음,햄전&케찹,석식,국,해산물
2020-11-03,유부초밥/쌀밥,온모밀국수,돈까스김치나베,양배추샐러드&사우전D,석식,국,육류
2020-11-04,흑미밥,콩나물국,순살닭강정,치즈계란찜,석식,찜,조류
2020-11-05,흑미밥,고기짬뽕국,자반고등어찜,시금치나물,석식,찜,해산물
2020-11-06,오뗄햄김밥,김치어묵탕,백종원의사라다빵,가지나물,석식,탕,육류
2020-11-09,흑미밥,닭개장,삼치데리야끼구이,오이양파무침,석식,국,해산물
2020-11-10,채소볶음밥,유부장국,자장소스,한식잡채,석식,국,기타
2020-11-11,흑미밥,김칫국,간장마늘치킨,감자채카레볶음,석식,국,조류
2020-11-12,흑미밥,꽃게탕,우불고기볶음,진미채오이무침,석식,탕,육류
2020-11-13,흑미밥,계란파국,퀘사디아,갈치무조림,석식,국,조류
2020-11-16,흑미밥,옹심이만둣국,꽁채캔김치조림,감자채전*장,석식,국,해산물
2020-11-17,흑미밥,버섯육개장,몽골식돈육볶음&꽃빵,양념깻잎지,석식,국,육류
2020-11-18,흑미밥,매운순대국,오징어굴소스볶음,동그랑땡강정,석식,국,해산물
2020-11-19,꼬치어묵매운탕,떡갈비주먹밥/추가밥,채소볶음우동,콘샐러드,석식,우동,육류
2020-11-20,흑미밥,부대찌개,생선까스*타르타르소스,김계란말이,석식,찌개,해산물
2020-11-23,흑미밥,쇠고기미역국,방어양념장구이,옥수수계란찜,석식,찜,육류
2020-11-24,흑미밥,청양콩나물국,목살스테이크,미나리무침,석식,국,육류
2020-11-26,흑미밥,우동국물,치즈닭갈비/계란후라이,깻잎쌈*청양마요소스,석식,국,육류
2020-11-27,추가밥,황태국수,돈수육*쌈장,모둠채소무침,석식,국,육류
2020-11-30,흑미밥,동태탕,감자채파프리카볶음,세발나물무침,석식,탕,해산물
2020-12-01,마파두부,홍합짬뽕국,샤워크림새우,물만두찜*장,석식,찜,해산물
2020-12-02,흑미밥,계란파국,묵은지삼겹살찜,궁중떡볶이,석식,찜,육류
2020-12-03,흑미밥,맑은콩나물국,이색묵(올방개/클로렐라)*양념장,고구마순볶음,석식,국,기타
2020-12-04,흑미밥,얼갈이된장국,낙지볶음*소면,노가리고추조림,석식,국수,해산물
2020-12-07,흑미밥,옹심이감자국,치킨까스*데미소스,쇠고기가지조림,석식,국,조류
2020-12-08,김치볶음밥,미소된장국,수제등심찹쌀꿔바로우,계란후라이,석식,국,육류
2020-12-09,흑미밥,부대찌개,해물볶음,메추리알꽈리고추조림,석식,찌개,해산물
2020-12-10,미트볼파스타*추가밥,유부장국,딤섬,브로콜리숙회*초장,석식,국,육류
2020-12-11,흑미밥,컵라면&찐계란,수제오징어튀김,매운떡볶이*순대찜,석식,찜,해산물
2020-12-14,흑미밥,꼬치어묵매운탕,쇠고기청경채볶음,새송이버섯조림,석식,탕,육류
2020-12-15,고추잡채덮밥,손수제비국,자장소스,단무지무침,석식,국,기타
2020-12-16,흑미밥,쇠고기무국,오징어떡볶음,물파래초무침,석식,국,해산물
2020-12-17,흑미밥,순두부백탕*양념장,제육간장불고기,매운감자조림,석식,탕,육류
2020-12-18,흑미밥,맑은버섯닭개장,참치김치볶음,도토리묵*양념장,석식,국,해산물
2020-12-21,팽이장국,계란후라이,도라지초무침,김치볶음,석식,국,조류
2020-12-22,흑미밥,아귀매운탕,돈갈비찜,오이선,석식,찜,육류
2020-12-23,유부초밥,들깨미역국,페퍼로니치즈피자,골뱅이채소무침&실곤약,석식,국,해산물
2020-12-24,흑미밥,해물까스&타르타르D,느타리버섯볶음,치커리귤무침,석식,찌개,해산물
2021-01-04,흑미밥,부대찌개*라면사리,소고기콜라비조림,코다리강정,석식,찌개,육류
2021-01-05,미니쌀국수,춘권*칠리소스,계란후라이,양배추비트피클,석식,국,조류
2021-01-06,흑미밥,고기짬뽕국,해물누룽지탕,멸치마늘종조림,석식,탕,해산물
2021-01-07,흑미밥,고추장찌개,베이컨숙주볶음,상추무침,석식,찌개,육류
2021-01-08,흑미밥,감자양파국,돈육김치볶음,팽이버섯채소전,석식,국,육류
2021-01-11,흑미밥,옹심이국,쇠고기숙주볶음,야채전,석식,국,육류
2021-01-12,흑미밥,맑은버섯국,순대들깨볶음,가지마파두부,석식,국,육류
2021-01-13,알리오올리오/추가밥,가쓰오장국,수제치킨까스,팽이버섯부추무침,석식,국,조류
2021-01-14,흑미밥,홍합탕,오삼불고기,어묵깻잎전,석식,탕,육류
2021-01-15,흑미밥,순두부백탕,닭볶음탕,비빔만두채소무침,석식,탕,조류
2021-01-18,흑미밥,배추된장국,낙지미나리볶음,메추리알풋고추조림,석식,국,해산물
2021-01-19,흑미밥,북어짬뽕국,만가닥버섯불고기,건새우호박채전,석식,국,육류
2021-01-20,김치볶음밥,미니쫄우동*맛살튀김,브로콜리깨소스무침,계란후라이,석식,우동,해산물
2021-01-21,흑미밥,쇠고기무국,삼치양념구이,비엔나채소볶음,석식,국,해산물
2021-01-22,흑미밥,수제비국,수제맛쵸킹탕수육,유부채소겨자냉채,석식,탕,육류
2021-01-25,흑미밥,열무된장국,장어강정*데리야끼소스,깻잎쌈*생강채,석식,국,해산물
2021-01-26,잔치국수,수제고기육전,쑥갓나물,양파초절임,석식,국,육류
